0,-0.28119
5e-09,-0.15843
1e-08,-0.02963
1.5e-08,0.070623
2e-08,0.11606
2.5e-08,0.097244
3e-08,0.025884
3.5e-08,-0.066917
4e-08,-0.13875
4.5e-08,-0.15127
5e-08,-0.088845
5.5e-08,0.029916
6e-08,0.15834
6.5e-08,0.24955
7e-08,0.2909
7.5e-08,0.31861
8e-08,0.39426
8.5e-08,0.55081
9e-08,0.74481
9.5e-08,0.85753
1e-07,0.76003
1.05e-07,0.40703
1.1e-07,-0.10496
1.15e-07,-0.56683
1.2e-07,-0.76733
1.25e-07,-0.62124
1.3e-07,-0.22842
1.35e-07,0.17878
1.4e-07,0.37059
1.45e-07,0.25046
1.5e-07,-0.10029
1.55e-07,-0.48926
1.6e-07,-0.7373
1.65e-07,-0.77597
1.7e-07,-0.66054
1.75e-07,-0.50385
1.8e-07,-0.39186
1.85e-07,-0.34151
1.9e-07,-0.3223
1.95e-07,-0.30776
2e-07,-0.30801
2.05e-07,-0.35641
2.1e-07,-0.46621
2.15e-07,-0.60094
2.2e-07,-0.687
2.25e-07,-0.66285
2.3e-07,-0.5267
2.35e-07,-0.34403
2.4e-07,-0.2063
2.45e-07,-0.16854
2.5e-07,-0.20999
2.55e-07,-0.24647
2.6e-07,-0.18658
2.65e-07,0.0036153
2.7e-07,0.26987
2.75e-07,0.49469
2.8e-07,0.56431
2.85e-07,0.43848
2.9e-07,0.18069
2.95e-07,-0.070206
3e-07,-0.17403
3.05e-07,-0.066126
3.1e-07,0.20793
3.15e-07,0.51907
3.2e-07,0.72536
3.25e-07,0.74423
3.3e-07,0.58462
3.35e-07,0.3236
3.4e-07,0.050578
3.45e-07,-0.18196
3.5e-07,-0.36965
3.55e-07,-0.53073
3.6e-07,-0.67112
3.65e-07,-0.76994
3.7e-07,-0.79422
3.75e-07,-0.72882
3.8e-07,-0.59183
3.85e-07,-0.4233
3.9e-07,-0.25735
3.95e-07,-0.10276
4e-07,0.051334
4.05e-07,0.20898
4.1e-07,0.34333
4.15e-07,0.39926
4.2e-07,0.32411
4.25e-07,0.10708
4.3e-07,-0.19953
4.35e-07,-0.4963
4.4e-07,-0.68007
4.45e-07,-0.69187
4.5e-07,-0.54325
4.55e-07,-0.30826
4.6e-07,-0.08608
4.65e-07,0.044071
4.7e-07,0.055672
4.75e-07,-0.02229
4.8e-07,-0.13009
4.85e-07,-0.21662
4.9e-07,-0.26966
4.95e-07,-0.31747
5e-07,-0.39945
5.05e-07,-0.52387
5.1e-07,-0.64349
5.15e-07,-0.67141
5.2e-07,-0.53315
5.25e-07,-0.22281
5.3e-07,0.17642
5.35e-07,0.52558
5.4e-07,0.69862
5.45e-07,0.64329
5.5e-07,0.39771
5.55e-07,0.056946
5.6e-07,-0.28148
5.65e-07,-0.55259
5.7e-07,-0.72329
5.75e-07,-0.77121
5.8e-07,-0.67452
5.85e-07,-0.42943
5.9e-07,-0.078923
5.95e-07,0.27962
6e-07,0.53024
6.05e-07,0.60009
6.1e-07,0.50399
6.15e-07,0.33536
6.2e-07,0.2047
6.25e-07,0.16866
6.3e-07,0.19946
6.35e-07,0.21547
6.4e-07,0.14674
6.45e-07,-0.014733
6.5e-07,-0.21575
6.55e-07,-0.38462
6.6e-07,-0.47746
6.65e-07,-0.49115
6.7e-07,-0.44065
6.75e-07,-0.32917
6.8e-07,-0.1441
6.85e-07,0.11532
6.9e-07,0.40464
6.95e-07,0.63361
7e-07,0.70711
7.05e-07,0.58313
7.1e-07,0.30304
7.15e-07,-0.030489
7.2e-07,-0.31296
7.25e-07,-0.49229
7.3e-07,-0.58103
7.35e-07,-0.62367
7.4e-07,-0.65012
7.45e-07,-0.65559
7.5e-07,-0.61766
7.55e-07,-0.53091
7.6e-07,-0.42249
7.65e-07,-0.33231
7.7e-07,-0.27504
7.75e-07,-0.21994
7.8e-07,-0.11199
7.85e-07,0.077536
7.9e-07,0.31124
7.95e-07,0.49152
8e-07,0.51564
8.05e-07,0.34339
8.1e-07,0.02987
8.15e-07,-0.3012
8.2e-07,-0.52578
8.25e-07,-0.5841
8.3e-07,-0.50205
8.35e-07,-0.35931
8.4e-07,-0.2326
8.45e-07,-0.15287
8.5e-07,-0.10115
8.55e-07,-0.037185
8.6e-07,0.064573
8.65e-07,0.19723
8.7e-07,0.3279
8.75e-07,0.41985
8.8e-07,0.45148
8.85e-07,0.42187
8.9e-07,0.34356
8.95e-07,0.23144
9e-07,0.09464
9.05e-07,-0.063787
9.1e-07,-0.24201
9.15e-07,-0.4312
9.2e-07,-0.61097
9.25e-07,-0.75027
9.3e-07,-0.81678
9.35e-07,-0.79042
9.4e-07,-0.67241
9.45e-07,-0.48452
9.5e-07,-0.25632
9.55e-07,-0.011366
9.6e-07,0.23611
9.65e-07,0.47051
9.7e-07,0.65919
9.75e-07,0.75022
9.8e-07,0.69511
9.85e-07,0.48511
9.9e-07,0.17573
9.95e-07,-0.12633
1e-06,-0.31203
1.005e-06,-0.32711
1.01e-06,-0.19871
1.015e-06,-0.012579
1.02e-06,0.14342
1.025e-06,0.22785
1.03e-06,0.25523
1.035e-06,0.26303
1.04e-06,0.27071
1.045e-06,0.26533
1.05e-06,0.22283
1.055e-06,0.14212
1.06e-06,0.056614
1.065e-06,0.0089763
1.07e-06,0.009477
1.075e-06,0.017188
1.08e-06,-0.034595
1.085e-06,-0.1844
1.09e-06,-0.40388
1.095e-06,-0.60617
1.1e-06,-0.70016
1.105e-06,-0.65012
1.11e-06,-0.49879
1.115e-06,-0.33808
1.12e-06,-0.25214
1.125e-06,-0.27359
1.13e-06,-0.37877
1.135e-06,-0.51405
1.14e-06,-0.62882
1.145e-06,-0.69159
1.15e-06,-0.68802
1.155e-06,-0.61462
1.16e-06,-0.47814
1.165e-06,-0.2982
1.17e-06,-0.10216
1.175e-06,0.086281
1.18e-06,0.25599
1.185e-06,0.4004
1.19e-06,0.49798
1.195e-06,0.50171
1.2e-06,0.36122
1.205e-06,0.071889
1.21e-06,-0.28631
1.215e-06,-0.56085
1.22e-06,-0.60175
1.225e-06,-0.35907
1.23e-06,0.063632
1.235e-06,0.44943
1.24e-06,0.58577
1.245e-06,0.38917
1.25e-06,-0.043887
1.255e-06,-0.49516
1.26e-06,-0.75194
1.265e-06,-0.72357
1.27e-06,-0.47577
1.275e-06,-0.17228
1.28e-06,0.030648
1.285e-06,0.066739
1.29e-06,-0.023816
1.295e-06,-0.14236
1.3e-06,-0.2031
1.305e-06,-0.18352
1.31e-06,-0.12796
1.315e-06,-0.11251
1.32e-06,-0.19371
1.325e-06,-0.37093
1.33e-06,-0.57933
1.335e-06,-0.71909
1.34e-06,-0.70531
1.345e-06,-0.51464
1.35e-06,-0.20385
1.355e-06,0.11436
1.36e-06,0.32504
1.365e-06,0.36644
1.37e-06,0.25483
1.375e-06,0.066456
1.38e-06,-0.10847
1.385e-06,-0.21034
1.39e-06,-0.22591
1.395e-06,-0.17537
1.4e-06,-0.085359
1.405e-06,0.028244
1.41e-06,0.15933
1.415e-06,0.3009
1.42e-06,0.43796
1.425e-06,0.55159
1.43e-06,0.62845
1.435e-06,0.66551
1.44e-06,0.66591
1.445e-06,0.63385
1.45e-06,0.57524
1.455e-06,0.50557
1.46e-06,0.45326
1.465e-06,0.44818
1.47e-06,0.50013
1.475e-06,0.58211
1.48e-06,0.63981
1.485e-06,0.62721
1.49e-06,0.54482
1.495e-06,0.44925
1.5e-06,0.41829
1.505e-06,0.4901
1.51e-06,0.61898
1.515e-06,0.68815
1.52e-06,0.57869
1.525e-06,0.25403
1.53e-06,-0.1974
1.535e-06,-0.59844
1.54e-06,-0.77963
1.545e-06,-0.67733
1.55e-06,-0.369
1.555e-06,-0.025042
1.56e-06,0.19254
1.565e-06,0.21626
1.57e-06,0.093961
1.575e-06,-0.062866
1.58e-06,-0.15724
1.585e-06,-0.15716
1.59e-06,-0.088909
1.595e-06,0.0065522
1.6e-06,0.11143
1.605e-06,0.23114
1.61e-06,0.36341
1.615e-06,0.47342
1.62e-06,0.50585
1.625e-06,0.43075
1.63e-06,0.28558
1.635e-06,0.16865
1.64e-06,0.1797
1.645e-06,0.34497
1.65e-06,0.58656
1.655e-06,0.76323
1.66e-06,0.7598
1.665e-06,0.56166
1.67e-06,0.26097
1.675e-06,-0.0069793
1.68e-06,-0.14798
1.685e-06,-0.15081
1.69e-06,-0.063966
1.695e-06,0.064602
1.7e-06,0.22484
1.705e-06,0.42657
1.71e-06,0.64584
1.715e-06,0.79293
1.72e-06,0.7464
1.725e-06,0.44128
1.73e-06,-0.051804
1.735e-06,-0.52978
1.74e-06,-0.75738
1.745e-06,-0.60966
1.75e-06,-0.16187
1.755e-06,0.34081
1.76e-06,0.62342
1.765e-06,0.54412
1.77e-06,0.1757
1.775e-06,-0.24547
1.78e-06,-0.47023
1.785e-06,-0.38956
1.79e-06,-0.094265
1.795e-06,0.19234
1.8e-06,0.25996
1.805e-06,0.042354
1.81e-06,-0.34561
1.815e-06,-0.68263
1.82e-06,-0.7743
1.825e-06,-0.56223
1.83e-06,-0.14633
1.835e-06,0.28433
1.84e-06,0.56165
1.845e-06,0.62088
1.85e-06,0.51271
1.855e-06,0.35045
1.86e-06,0.23573
1.865e-06,0.21164
1.87e-06,0.26348
1.875e-06,0.35221
1.88e-06,0.44725
1.885e-06,0.5359
1.89e-06,0.61004
1.895e-06,0.65222
1.9e-06,0.63794
1.905e-06,0.55302
1.91e-06,0.41025
1.915e-06,0.24586
1.92e-06,0.098572
1.925e-06,-0.013601
1.93e-06,-0.10017
1.935e-06,-0.18322
1.94e-06,-0.27443
1.945e-06,-0.36398
1.95e-06,-0.43001
1.955e-06,-0.45878
1.96e-06,-0.45561
1.965e-06,-0.43685
1.97e-06,-0.41044
1.975e-06,-0.36244
1.98e-06,-0.26288
1.985e-06,-0.088619
1.99e-06,0.15292
1.995e-06,0.41925
2e-06,0.64991
2.005e-06,0.79374
2.01e-06,0.82944
2.015e-06,0.76711
2.02e-06,0.63451
2.025e-06,0.46118
2.03e-06,0.26968
2.035e-06,0.076716
2.04e-06,-0.10188
2.045e-06,-0.25066
2.05e-06,-0.35896
2.055e-06,-0.42602
2.06e-06,-0.46142
2.065e-06,-0.47908
2.07e-06,-0.48812
2.075e-06,-0.4902
2.08e-06,-0.48386
2.085e-06,-0.4738
2.09e-06,-0.47642
2.095e-06,-0.51366
2.1e-06,-0.59605
2.105e-06,-0.70545
2.11e-06,-0.7915
2.115e-06,-0.79012
2.12e-06,-0.657
2.125e-06,-0.39715
2.13e-06,-0.069011
2.135e-06,0.24093
2.14e-06,0.45929
2.145e-06,0.55546
2.15e-06,0.54035
2.155e-06,0.43974
2.16e-06,0.26896
2.165e-06,0.03238
2.17e-06,-0.24978
2.175e-06,-0.51555
2.18e-06,-0.67027
2.185e-06,-0.63863
2.19e-06,-0.42773
2.195e-06,-0.14842
2.2e-06,0.036962
2.205e-06,0.017374
2.21e-06,-0.18247
2.215e-06,-0.40393
2.22e-06,-0.45352
2.225e-06,-0.23845
2.23e-06,0.15643
2.235e-06,0.51052
2.24e-06,0.60482
2.245e-06,0.36389
2.25e-06,-0.094156
2.255e-06,-0.53064
2.26e-06,-0.73009
2.265e-06,-0.61543
2.27e-06,-0.26702
2.275e-06,0.15238
2.28e-06,0.49834
2.285e-06,0.7018
2.29e-06,0.75759
2.295e-06,0.68057
2.3e-06,0.47865
2.305e-06,0.16739
2.31e-06,-0.19847
2.315e-06,-0.51921
2.32e-06,-0.69161
2.325e-06,-0.6715
2.33e-06,-0.50903
2.335e-06,-0.3227
2.34e-06,-0.22864
2.345e-06,-0.27393
2.35e-06,-0.42045
2.355e-06,-0.58564
2.36e-06,-0.70238
2.365e-06,-0.75203
2.37e-06,-0.75271
2.375e-06,-0.72162
2.38e-06,-0.65165
2.385e-06,-0.52373
2.39e-06,-0.34192
2.395e-06,-0.15537
2.4e-06,-0.04193
2.405e-06,-0.062152
2.41e-06,-0.21687
2.415e-06,-0.44317
2.42e-06,-0.65151
2.425e-06,-0.77602
2.43e-06,-0.80204
2.435e-06,-0.75418
2.44e-06,-0.66212
2.445e-06,-0.53454
2.45e-06,-0.36264
2.455e-06,-0.14498
2.46e-06,0.091414
2.465e-06,0.29629
2.47e-06,0.42393
2.475e-06,0.46172
2.48e-06,0.43261
2.485e-06,0.37017
2.49e-06,0.2868
2.495e-06,0.16402
2.5e-06,-0.024455
2.505e-06,-0.27398
2.51e-06,-0.52719
2.515e-06,-0.69031
2.52e-06,-0.68186
2.525e-06,-0.482
2.53e-06,-0.14915
2.535e-06,0.20736
2.54e-06,0.47943
2.545e-06,0.60542
2.55e-06,0.58493
2.555e-06,0.46005
2.56e-06,0.2842
2.565e-06,0.099345
2.57e-06,-0.069771
2.575e-06,-0.20714
2.58e-06,-0.29796
2.585e-06,-0.32927
2.59e-06,-0.2971
2.595e-06,-0.21417
2.6e-06,-0.1097
2.605e-06,-0.021042
2.61e-06,0.02071
2.615e-06,0.0033756
2.62e-06,-0.060987
2.625e-06,-0.14252
2.63e-06,-0.20838
2.635e-06,-0.24084
2.64e-06,-0.24357
2.645e-06,-0.23074
2.65e-06,-0.20474
2.655e-06,-0.14085
2.66e-06,0.0006598
2.665e-06,0.2359
2.67e-06,0.51706
2.675e-06,0.72972
2.68e-06,0.74488
2.685e-06,0.50408
2.69e-06,0.078945
2.695e-06,-0.34464
2.7e-06,-0.56291
2.705e-06,-0.47289
2.71e-06,-0.13472
2.715e-06,0.27029
2.72e-06,0.55572
2.725e-06,0.63968
2.73e-06,0.57325
2.735e-06,0.47562
2.74e-06,0.43614
2.745e-06,0.46246
2.75e-06,0.50867
2.755e-06,0.54393
2.76e-06,0.59011
2.765e-06,0.68807
2.77e-06,0.8249
2.775e-06,0.89761
2.78e-06,0.7663
2.785e-06,0.36897
2.79e-06,-0.19176
2.795e-06,-0.6731
2.8e-06,-0.82835
2.805e-06,-0.56664
2.81e-06,-0.023058
2.815e-06,0.51682
2.82e-06,0.78456
2.825e-06,0.67691
2.83e-06,0.28838
2.835e-06,-0.17485
2.84e-06,-0.52765
2.845e-06,-0.69103
2.85e-06,-0.68909
2.855e-06,-0.58725
2.86e-06,-0.43437
2.865e-06,-0.24985
2.87e-06,-0.046082
2.875e-06,0.14736
2.88e-06,0.28631
2.885e-06,0.33441
2.89e-06,0.28023
2.895e-06,0.13594
2.9e-06,-0.073207
2.905e-06,-0.31087
2.91e-06,-0.52026
2.915e-06,-0.62296
2.92e-06,-0.54579
2.925e-06,-0.27201
2.93e-06,0.11925
2.935e-06,0.46698
2.94e-06,0.60448
2.945e-06,0.45588
2.95e-06,0.087319
2.955e-06,-0.32471
2.96e-06,-0.59293
2.965e-06,-0.62207
2.97e-06,-0.44954
2.975e-06,-0.20453
2.98e-06,-0.020435
2.985e-06,0.039037
2.99e-06,-0.0028512
2.995e-06,-0.074704
3e-06,-0.11423
3.005e-06,-0.10494
3.01e-06,-0.073828
3.015e-06,-0.061323
3.02e-06,-0.088504
3.025e-06,-0.14279
3.03e-06,-0.1859
3.035e-06,-0.17723
3.04e-06,-0.096329
3.045e-06,0.046071
3.05e-06,0.21447
3.055e-06,0.36714
3.06e-06,0.47502
3.065e-06,0.53042
3.07e-06,0.54074
3.075e-06,0.51388
3.08e-06,0.45036
3.085e-06,0.34978
3.09e-06,0.22605
3.095e-06,0.11599
3.1e-06,0.065964
3.105e-06,0.10206
3.11e-06,0.20386
3.115e-06,0.30802
3.12e-06,0.34419
3.125e-06,0.2819
3.13e-06,0.15552
3.135e-06,0.044923
3.14e-06,0.02629
3.145e-06,0.12583
3.15e-06,0.3083
3.155e-06,0.50382
3.16e-06,0.64891
3.165e-06,0.71043
3.17e-06,0.68027
3.175e-06,0.55633
3.18e-06,0.33641
3.185e-06,0.033225
3.19e-06,-0.30271
3.195e-06,-0.58305
3.2e-06,-0.71443
3.205e-06,-0.64938
3.21e-06,-0.41916
3.215e-06,-0.1217
3.22e-06,0.13086
3.225e-06,0.27105
3.23e-06,0.30262
3.235e-06,0.28032
3.24e-06,0.26284
3.245e-06,0.27414
3.25e-06,0.29793
3.255e-06,0.3033
3.26e-06,0.27738
3.265e-06,0.23776
3.27e-06,0.21646
3.275e-06,0.23196
3.28e-06,0.27181
3.285e-06,0.29996
3.29e-06,0.28172
3.295e-06,0.20815
3.3e-06,0.10024
3.305e-06,-0.0081048
3.31e-06,-0.095907
3.315e-06,-0.16847
3.32e-06,-0.24755
3.325e-06,-0.34384
3.33e-06,-0.43295
3.335e-06,-0.45589
3.34e-06,-0.34976
3.345e-06,-0.094382
3.35e-06,0.25438
3.355e-06,0.574
3.36e-06,0.72869
3.365e-06,0.64111
3.37e-06,0.34043
3.375e-06,-0.047771
3.38e-06,-0.36779
3.385e-06,-0.51834
3.39e-06,-0.50303
3.395e-06,-0.4162
3.4e-06,-0.37368
3.405e-06,-0.43542
3.41e-06,-0.57073
3.415e-06,-0.68537
3.42e-06,-0.68825
3.425e-06,-0.55
3.43e-06,-0.31614
3.435e-06,-0.071532
3.44e-06,0.11329
3.445e-06,0.21569
3.45e-06,0.25622
3.455e-06,0.26904
3.46e-06,0.27609
3.465e-06,0.28342
3.47e-06,0.29543
3.475e-06,0.32665
3.48e-06,0.39445
3.485e-06,0.49675
3.49e-06,0.59611
3.495e-06,0.62916
3.5e-06,0.54037
3.505e-06,0.31938
3.51e-06,0.015766
3.515e-06,-0.28216
3.52e-06,-0.49015
3.525e-06,-0.56625
3.53e-06,-0.52294
3.535e-06,-0.40907
3.54e-06,-0.27954
3.545e-06,-0.17206
3.55e-06,-0.1023
3.555e-06,-0.07142
3.56e-06,-0.075175
3.565e-06,-0.10417
3.57e-06,-0.13915
3.575e-06,-0.14804
3.58e-06,-0.095246
3.585e-06,0.039545
3.59e-06,0.2441
3.595e-06,0.47114
3.6e-06,0.65566
3.605e-06,0.747
3.61e-06,0.73651
3.615e-06,0.66181
3.62e-06,0.58163
3.625e-06,0.53225
3.63e-06,0.49538
3.635e-06,0.40422
3.64e-06,0.19098
3.645e-06,-0.14985
3.65e-06,-0.52777
3.655e-06,-0.78566
3.66e-06,-0.78328
3.665e-06,-0.48653
3.67e-06,-0.0013954
3.675e-06,0.47549
3.68e-06,0.76321
3.685e-06,0.79133
3.69e-06,0.62283
3.695e-06,0.3966
3.7e-06,0.23562
3.705e-06,0.18732
3.71e-06,0.22957
3.715e-06,0.32103
3.72e-06,0.44221
3.725e-06,0.5907
3.73e-06,0.74161
3.735e-06,0.82221
3.74e-06,0.74004
3.745e-06,0.45313
3.75e-06,0.027014
3.755e-06,-0.37582
3.76e-06,-0.58106
3.765e-06,-0.50756
3.77e-06,-0.21804
3.775e-06,0.12044
3.78e-06,0.33903
3.785e-06,0.36039
3.79e-06,0.22266
3.795e-06,0.029648
3.8e-06,-0.12729
3.805e-06,-0.21901
3.81e-06,-0.27331
3.815e-06,-0.33406
3.82e-06,-0.42155
3.825e-06,-0.52044
3.83e-06,-0.59288
3.835e-06,-0.60065
3.84e-06,-0.52191
3.845e-06,-0.36124
3.85e-06,-0.15417
3.855e-06,0.037742
3.86e-06,0.14974
3.865e-06,0.15083
3.87e-06,0.072991
3.875e-06,0.0043923
3.88e-06,0.037366
3.885e-06,0.20034
3.89e-06,0.42366
3.895e-06,0.57253
3.9e-06,0.53163
3.905e-06,0.28448
3.91e-06,-0.06973
3.915e-06,-0.37637
3.92e-06,-0.51805
3.925e-06,-0.4733
3.93e-06,-0.30471
3.935e-06,-0.095852
3.94e-06,0.10455
3.945e-06,0.28845
3.95e-06,0.44815
3.955e-06,0.53895
3.96e-06,0.48838
3.965e-06,0.25343
3.97e-06,-0.1225
3.975e-06,-0.50443
3.98e-06,-0.73038
3.985e-06,-0.70424
3.99e-06,-0.45284
3.995e-06,-0.10639
4e-06,0.18212
4.005e-06,0.32291
4.01e-06,0.3252
4.015e-06,0.26715
4.02e-06,0.23212
4.025e-06,0.25812
4.03e-06,0.32975
4.035e-06,0.4074
4.04e-06,0.46255
4.045e-06,0.4928
4.05e-06,0.50959
4.055e-06,0.51781
4.06e-06,0.50638
4.065e-06,0.45901
4.07e-06,0.37513
4.075e-06,0.28219
4.08e-06,0.22599
4.085e-06,0.24273
4.09e-06,0.33127
4.095e-06,0.44668
4.1e-06,0.52366
4.105e-06,0.51904
4.11e-06,0.44537
4.115e-06,0.36978
4.12e-06,0.37212
4.125e-06,0.48512
4.13e-06,0.65817
4.135e-06,0.77319
4.14e-06,0.71124
4.145e-06,0.42982
4.15e-06,-0.00033896
4.155e-06,-0.42617
4.16e-06,-0.69337
4.165e-06,-0.72683
4.17e-06,-0.56048
4.175e-06,-0.30176
4.18e-06,-0.062019
4.185e-06,0.099684
4.19e-06,0.18638
4.195e-06,0.23224
4.2e-06,0.26393
4.205e-06,0.285
4.21e-06,0.28839
4.215e-06,0.27755
4.22e-06,0.27325
4.225e-06,0.29857
4.23e-06,0.35788
4.235e-06,0.42812
4.24e-06,0.47179
4.245e-06,0.45953
4.25e-06,0.3837
4.255e-06,0.25674
4.26e-06,0.099368
4.265e-06,-0.068304
4.27e-06,-0.22805
4.275e-06,-0.36087
4.28e-06,-0.44915
4.285e-06,-0.48302
4.29e-06,-0.46403
4.295e-06,-0.39947
4.3e-06,-0.29355
4.305e-06,-0.14702
4.31e-06,0.029697
4.315e-06,0.20068
4.32e-06,0.3069
4.325e-06,0.29879
4.33e-06,0.18145
4.335e-06,0.033916
4.34e-06,-0.025314
4.345e-06,0.082674
4.35e-06,0.32713
4.355e-06,0.56386
4.36e-06,0.61661
4.365e-06,0.39713
4.37e-06,-0.019114
4.375e-06,-0.42154
4.38e-06,-0.58786
4.385e-06,-0.42349
4.39e-06,-0.024911
4.395e-06,0.37764
4.4e-06,0.55901
4.405e-06,0.42872
4.41e-06,0.070557
4.415e-06,-0.32251
4.42e-06,-0.56803
4.425e-06,-0.58836
4.43e-06,-0.42888
4.435e-06,-0.20462
4.44e-06,-0.023178
4.445e-06,0.067262
4.45e-06,0.082314
4.455e-06,0.069783
4.46e-06,0.070496
4.465e-06,0.095315
4.47e-06,0.12646
4.475e-06,0.13522
4.48e-06,0.10535
4.485e-06,0.04746
4.49e-06,-0.0023575
4.495e-06,-0.0011353
4.5e-06,0.073822
4.505e-06,0.20667
4.51e-06,0.34794
4.515e-06,0.44146
4.52e-06,0.45629
4.525e-06,0.40126
4.53e-06,0.31112
4.535e-06,0.21714
4.54e-06,0.1265
4.545e-06,0.02925
4.55e-06,-0.073203
4.555e-06,-0.1466
4.56e-06,-0.13551
4.565e-06,-0.0059258
4.57e-06,0.21276
4.575e-06,0.42275
4.58e-06,0.5047
4.585e-06,0.38841
4.59e-06,0.10087
4.595e-06,-0.24448
4.6e-06,-0.51143
4.605e-06,-0.61431
4.61e-06,-0.55502
4.615e-06,-0.40383
4.62e-06,-0.24583
4.625e-06,-0.13412
4.63e-06,-0.07778
4.635e-06,-0.062789
4.64e-06,-0.078055
4.645e-06,-0.12377
4.65e-06,-0.19754
4.655e-06,-0.27971
4.66e-06,-0.3352
4.665e-06,-0.33622
4.67e-06,-0.28644
4.675e-06,-0.22546
4.68e-06,-0.20579
4.685e-06,-0.25698
4.69e-06,-0.36232
4.695e-06,-0.46519
4.7e-06,-0.50112
4.705e-06,-0.43386
4.71e-06,-0.27407
4.715e-06,-0.069725
4.72e-06,0.1213
4.725e-06,0.25996
4.73e-06,0.34083
4.735e-06,0.38716
4.74e-06,0.43259
4.745e-06,0.49942
4.75e-06,0.583
4.755e-06,0.65126
4.76e-06,0.66028
4.765e-06,0.58049
4.77e-06,0.41992
4.775e-06,0.22997
4.78e-06,0.084452
4.785e-06,0.040113
4.79e-06,0.10243
4.795e-06,0.21846
4.8e-06,0.30844
4.805e-06,0.31724
4.81e-06,0.25342
4.815e-06,0.18588
4.82e-06,0.19709
4.825e-06,0.32297
4.83e-06,0.52056
4.835e-06,0.6887
4.84e-06,0.72828
4.845e-06,0.60224
4.85e-06,0.35467
4.855e-06,0.079839
4.86e-06,-0.1344
4.865e-06,-0.24674
4.87e-06,-0.26397
4.875e-06,-0.21227
4.88e-06,-0.11196
4.885e-06,0.021152
4.89e-06,0.15492
4.895e-06,0.22919
4.9e-06,0.17819
4.905e-06,-0.019196
4.91e-06,-0.30141
4.915e-06,-0.53653
4.92e-06,-0.5918
4.925e-06,-0.41851
4.93e-06,-0.091718
4.935e-06,0.22811
4.94e-06,0.38977
4.945e-06,0.3403
4.95e-06,0.14769
4.955e-06,-0.052601
4.96e-06,-0.14733
4.965e-06,-0.1064
4.97e-06,0.021583
4.975e-06,0.16216
4.98e-06,0.2697
4.985e-06,0.34038
4.99e-06,0.38375
4.995e-06,0.38746
5e-06,0.31488
5.005e-06,0.14209
5.01e-06,-0.09773
5.015e-06,-0.30545
5.02e-06,-0.36194
5.025e-06,-0.20222
5.03e-06,0.13227
5.035e-06,0.50513
5.04e-06,0.75663
5.045e-06,0.79163
5.05e-06,0.62939
5.055e-06,0.3839
5.06e-06,0.18933
5.065e-06,0.11983
5.07e-06,0.15191
5.075e-06,0.19079
5.08e-06,0.13956
5.085e-06,-0.033528
5.09e-06,-0.27169
5.095e-06,-0.46327
5.1e-06,-0.50952
5.105e-06,-0.38589
5.11e-06,-0.15794
5.115e-06,0.054879
5.12e-06,0.14678
5.125e-06,0.082976
5.13e-06,-0.085807
5.135e-06,-0.2571
5.14e-06,-0.33579
5.145e-06,-0.28129
5.15e-06,-0.11752
5.155e-06,0.093956
5.16e-06,0.29415
5.165e-06,0.45229
5.17e-06,0.56473
5.175e-06,0.63542
5.18e-06,0.65783
5.185e-06,0.6153
5.19e-06,0.49692
5.195e-06,0.31475
5.2e-06,0.10668
5.205e-06,-0.078877
5.21e-06,-0.20694
5.215e-06,-0.26913
5.22e-06,-0.27981
5.225e-06,-0.25961
5.23e-06,-0.21962
5.235e-06,-0.16092
5.24e-06,-0.086187
5.245e-06,-0.012577
5.25e-06,0.02722
5.255e-06,0.00065299
5.26e-06,-0.103
5.265e-06,-0.26159
5.27e-06,-0.42937
5.275e-06,-0.56141
5.28e-06,-0.63577
5.285e-06,-0.65664
5.29e-06,-0.63793
5.295e-06,-0.58202
5.3e-06,-0.47538
5.305e-06,-0.30881
5.31e-06,-0.10698
5.315e-06,0.060516
5.32e-06,0.10637
5.325e-06,-0.018898
5.33e-06,-0.27942
5.335e-06,-0.55548
5.34e-06,-0.70518
5.345e-06,-0.65286
5.35e-06,-0.44439
5.355e-06,-0.22651
5.36e-06,-0.1557
5.365e-06,-0.29311
5.37e-06,-0.55731
5.375e-06,-0.76963
5.38e-06,-0.76515
5.385e-06,-0.49687
5.39e-06,-0.065888
5.395e-06,0.34098
5.4e-06,0.55995
5.405e-06,0.53517
5.41e-06,0.32853
5.415e-06,0.060241
5.42e-06,-0.1701
5.425e-06,-0.32886
5.43e-06,-0.43711
5.435e-06,-0.52655
5.44e-06,-0.60243
5.445e-06,-0.64227
5.45e-06,-0.62284
5.455e-06,-0.54816
5.46e-06,-0.45108
5.465e-06,-0.3679
5.47e-06,-0.30732
5.475e-06,-0.243
5.48e-06,-0.13678
5.485e-06,0.023833
5.49e-06,0.20314
5.495e-06,0.32993
5.5e-06,0.34031
5.505e-06,0.22225
5.51e-06,0.032584
5.515e-06,-0.12861
5.52e-06,-0.17049
5.525e-06,-0.06122
5.53e-06,0.15594
5.535e-06,0.38699
5.54e-06,0.53665
5.545e-06,0.55297
5.55e-06,0.44319
5.555e-06,0.25741
5.56e-06,0.054664
5.565e-06,-0.12501
5.57e-06,-0.2687
5.575e-06,-0.3804
5.58e-06,-0.46662
5.585e-06,-0.52732
5.59e-06,-0.55579
5.595e-06,-0.54206
5.6e-06,-0.47686
5.605e-06,-0.35675
5.61e-06,-0.19197
5.615e-06,-0.013676
5.62e-06,0.12929
5.625e-06,0.19263
5.63e-06,0.16763
5.635e-06,0.099546
5.64e-06,0.068332
5.645e-06,0.13364
5.65e-06,0.27837
5.655e-06,0.39844
5.66e-06,0.36001
5.665e-06,0.097565
5.67e-06,-0.31569
5.675e-06,-0.68542
5.68e-06,-0.80497
5.685e-06,-0.59041
5.69e-06,-0.14819
5.695e-06,0.27746
5.7e-06,0.45
5.705e-06,0.28445
5.71e-06,-0.10447
5.715e-06,-0.47947
5.72e-06,-0.62813
5.725e-06,-0.48287
5.73e-06,-0.14348
5.735e-06,0.19986
5.74e-06,0.38246
5.745e-06,0.34546
5.75e-06,0.14326
5.755e-06,-0.10843
5.76e-06,-0.30168
5.765e-06,-0.38294
5.77e-06,-0.36296
5.775e-06,-0.29508
5.78e-06,-0.23753
5.785e-06,-0.21716
5.79e-06,-0.21022
5.795e-06,-0.15495
5.8e-06,0.0041592
5.805e-06,0.26279
5.81e-06,0.53247
5.815e-06,0.67269
5.82e-06,0.57114
5.825e-06,0.22418
5.83e-06,-0.23931
5.835e-06,-0.61689
5.84e-06,-0.74077
5.845e-06,-0.56696
5.85e-06,-0.19007
5.855e-06,0.22233
5.86e-06,0.52338
5.865e-06,0.64802
5.87e-06,0.61068
5.875e-06,0.46143
5.88e-06,0.24429
5.885e-06,-0.011887
5.89e-06,-0.27576
5.895e-06,-0.49958
5.9e-06,-0.62913
5.905e-06,-0.63108
5.91e-06,-0.51204
5.915e-06,-0.31478
5.92e-06,-0.095737
5.925e-06,0.094088
5.93e-06,0.21418
5.935e-06,0.23226
5.94e-06,0.13128
5.945e-06,-0.071177
5.95e-06,-0.30905
5.955e-06,-0.48242
5.96e-06,-0.50226
5.965e-06,-0.33825
5.97e-06,-0.035462
5.975e-06,0.3152
5.98e-06,0.62704
5.985e-06,0.84848
5.99e-06,0.95468
5.995e-06,0.9206
6e-06,0.71437
6.005e-06,0.3322
6.01e-06,-0.1524
6.015e-06,-0.57916
6.02e-06,-0.76466
6.025e-06,-0.61126
6.03e-06,-0.18646
6.035e-06,0.29539
6.04e-06,0.5911
6.045e-06,0.57286
6.05e-06,0.30076
6.055e-06,-0.025519
6.06e-06,-0.20078
6.065e-06,-0.14103
6.07e-06,0.079776
6.075e-06,0.29683
6.08e-06,0.36867
6.085e-06,0.25809
6.09e-06,0.033973
6.095e-06,-0.19159
6.1e-06,-0.33652
6.105e-06,-0.3861
6.11e-06,-0.38117
6.115e-06,-0.3792
6.12e-06,-0.41682
6.125e-06,-0.49246
6.13e-06,-0.57001
6.135e-06,-0.5959
6.14e-06,-0.52402
6.145e-06,-0.34117
6.15e-06,-0.083386
6.155e-06,0.17087
6.16e-06,0.33627
6.165e-06,0.36879
6.17e-06,0.29782
6.175e-06,0.21506
6.18e-06,0.22082
6.185e-06,0.35701
6.19e-06,0.57198
6.195e-06,0.74197
6.2e-06,0.74178
6.205e-06,0.52098
6.21e-06,0.137
6.215e-06,-0.27393
6.22e-06,-0.57232
6.225e-06,-0.68979
6.23e-06,-0.65895
6.235e-06,-0.58209
6.24e-06,-0.56048
6.245e-06,-0.62973
6.25e-06,-0.73905
6.255e-06,-0.78797
6.26e-06,-0.6934
6.265e-06,-0.4465
6.27e-06,-0.12212
6.275e-06,0.16094
6.28e-06,0.30449
6.285e-06,0.27768
6.29e-06,0.121
6.295e-06,-0.090047
6.3e-06,-0.29105
6.305e-06,-0.45235
6.31e-06,-0.57012
6.315e-06,-0.63959
6.32e-06,-0.64079
6.325e-06,-0.55216
6.33e-06,-0.38215
6.335e-06,-0.18788
6.34e-06,-0.05662
6.345e-06,-0.054077
6.35e-06,-0.17384
6.355e-06,-0.32719
6.36e-06,-0.39135
6.365e-06,-0.29051
6.37e-06,-0.056597
6.375e-06,0.17661
6.38e-06,0.25143
6.385e-06,0.091723
6.39e-06,-0.23266
6.395e-06,-0.53216
6.4e-06,-0.60511
6.405e-06,-0.36501
6.41e-06,0.096092
6.415e-06,0.55097
6.42e-06,0.76722
6.425e-06,0.64318
6.43e-06,0.26424
6.435e-06,-0.15449
6.44e-06,-0.4009
6.445e-06,-0.38632
6.45e-06,-0.18057
6.455e-06,0.053677
6.46e-06,0.17254
6.465e-06,0.13128
6.47e-06,-0.014815
6.475e-06,-0.17231
6.48e-06,-0.27834
6.485e-06,-0.32385
6.49e-06,-0.32317
6.495e-06,-0.27225
6.5e-06,-0.13944
6.505e-06,0.097019
6.51e-06,0.39877
6.515e-06,0.65667
6.52e-06,0.74195
6.525e-06,0.59237
6.53e-06,0.26993
6.535e-06,-0.058438
6.54e-06,-0.21344
6.545e-06,-0.11271
6.55e-06,0.17435
6.555e-06,0.46596
6.56e-06,0.57605
6.565e-06,0.42287
6.57e-06,0.071943
6.575e-06,-0.3116
6.58e-06,-0.56516
6.585e-06,-0.62043
6.59e-06,-0.52846
6.595e-06,-0.41114
6.6e-06,-0.37472
6.605e-06,-0.44393
6.61e-06,-0.55418
6.615e-06,-0.60132
6.62e-06,-0.51105
6.625e-06,-0.28243
6.63e-06,0.017147
6.635e-06,0.29581
6.64e-06,0.48479
6.645e-06,0.5613
6.65e-06,0.53852
6.655e-06,0.4404
6.66e-06,0.28562
6.665e-06,0.08974
6.67e-06,-0.1238
6.675e-06,-0.31924
6.68e-06,-0.46052
6.685e-06,-0.53
6.69e-06,-0.53727
6.695e-06,-0.50955
6.7e-06,-0.4715
6.705e-06,-0.43131
6.71e-06,-0.38348
6.715e-06,-0.32396
6.72e-06,-0.25936
6.725e-06,-0.2001
6.73e-06,-0.14375
6.735e-06,-0.066249
6.74e-06,0.064322
6.745e-06,0.25772
6.75e-06,0.47703
6.755e-06,0.6453
6.76e-06,0.68425
6.765e-06,0.56242
6.77e-06,0.32097
6.775e-06,0.056092
6.78e-06,-0.13027
6.785e-06,-0.18223
6.79e-06,-0.11211
6.795e-06,0.016724
6.8e-06,0.1315
6.805e-06,0.18977
6.81e-06,0.19588
6.815e-06,0.188
6.82e-06,0.2062
6.825e-06,0.26289
6.83e-06,0.332
6.835e-06,0.36315
6.84e-06,0.3144
6.845e-06,0.18394
6.85e-06,0.01961
6.855e-06,-0.10139
6.86e-06,-0.11577
6.865e-06,-0.013277
6.87e-06,0.15234
6.875e-06,0.29163
6.88e-06,0.32998
6.885e-06,0.2488
6.89e-06,0.091959
6.895e-06,-0.063573
6.9e-06,-0.15118
6.905e-06,-0.14233
6.91e-06,-0.046484
6.915e-06,0.10835
6.92e-06,0.29307
6.925e-06,0.47997
6.93e-06,0.63406
6.935e-06,0.71083
6.94e-06,0.67079
6.945e-06,0.50286
6.95e-06,0.23946
6.955e-06,-0.052354
6.96e-06,-0.29809
6.965e-06,-0.44538
6.97e-06,-0.47641
6.975e-06,-0.40146
6.98e-06,-0.24403
6.985e-06,-0.031351
6.99e-06,0.20617
6.995e-06,0.43241
7e-06,0.60871
7.005e-06,0.70457
7.01e-06,0.70658
7.015e-06,0.62033
7.02e-06,0.46252
7.025e-06,0.25347
7.03e-06,0.015867
7.035e-06,-0.22159
7.04e-06,-0.4243
7.045e-06,-0.56311
7.05e-06,-0.63034
7.055e-06,-0.64759
7.06e-06,-0.65206
7.065e-06,-0.66775
7.07e-06,-0.68236
7.075e-06,-0.64972
7.08e-06,-0.51982
7.085e-06,-0.27823
7.09e-06,0.033326
7.095e-06,0.33248
7.1e-06,0.53816
7.105e-06,0.61289
7.11e-06,0.57792
7.115e-06,0.49394
7.12e-06,0.4221
7.125e-06,0.39061
7.13e-06,0.38506
7.135e-06,0.36502
7.14e-06,0.29474
7.145e-06,0.16823
7.15e-06,0.016133
7.155e-06,-0.10911
7.16e-06,-0.16167
7.165e-06,-0.13025
7.17e-06,-0.050269
7.175e-06,0.0089417
7.18e-06,-0.020376
7.185e-06,-0.16407
7.19e-06,-0.38339
7.195e-06,-0.58731
7.2e-06,-0.677
7.205e-06,-0.59872
7.21e-06,-0.37477
7.215e-06,-0.091738
7.22e-06,0.14857
7.225e-06,0.28524
7.23e-06,0.32781
7.235e-06,0.34097
7.24e-06,0.39359
7.245e-06,0.50584
7.25e-06,0.62783
7.255e-06,0.66456
7.26e-06,0.534
7.265e-06,0.22448
7.27e-06,-0.18465
7.275e-06,-0.55201
7.28e-06,-0.74066
7.285e-06,-0.68666
7.29e-06,-0.43027
7.295e-06,-0.093428
7.3e-06,0.18672
7.305e-06,0.33014
7.31e-06,0.35034
7.315e-06,0.33388
7.32e-06,0.37569
7.325e-06,0.51062
7.33e-06,0.68429
7.335e-06,0.78317
7.34e-06,0.70396
7.345e-06,0.42044
7.35e-06,0.0047586
7.355e-06,-0.40897
7.36e-06,-0.69557
7.365e-06,-0.80095
7.37e-06,-0.75925
7.375e-06,-0.65922
7.38e-06,-0.58574
7.385e-06,-0.57346
7.39e-06,-0.59683
7.395e-06,-0.59781
7.4e-06,-0.52644
7.405e-06,-0.36848
7.41e-06,-0.14776
7.415e-06,0.092101
7.42e-06,0.31027
7.425e-06,0.48081
7.43e-06,0.59284
7.435e-06,0.6443
7.44e-06,0.63871
7.445e-06,0.58484
7.45e-06,0.4967
7.455e-06,0.38885
7.46e-06,0.26943
7.465e-06,0.13895
7.47e-06,-0.0025464
7.475e-06,-0.14324
7.48e-06,-0.25521
7.485e-06,-0.30597
7.49e-06,-0.27945
7.495e-06,-0.19244
7.5e-06,-0.087793
7.505e-06,-0.005474
7.51e-06,0.048838
7.515e-06,0.11138
7.52e-06,0.23269
7.525e-06,0.42909
7.53e-06,0.64948
7.535e-06,0.7866
7.54e-06,0.73418
7.545e-06,0.45591
7.55e-06,0.020158
7.555e-06,-0.42677
7.56e-06,-0.73591
7.565e-06,-0.83388
7.57e-06,-0.7567
7.575e-06,-0.61863
7.58e-06,-0.53932
7.585e-06,-0.57366
7.59e-06,-0.68527
7.595e-06,-0.77551
7.6e-06,-0.746
7.605e-06,-0.55685
7.61e-06,-0.24863
7.615e-06,0.080962
7.62e-06,0.32981
7.625e-06,0.44398
7.63e-06,0.44225
7.635e-06,0.39989
7.64e-06,0.40041
7.645e-06,0.48303
7.65e-06,0.61666
7.655e-06,0.71763
7.66e-06,0.70151
7.665e-06,0.53875
7.67e-06,0.27833
7.675e-06,0.024187
7.68e-06,-0.12067
7.685e-06,-0.10707
7.69e-06,0.043422
7.695e-06,0.26246
7.7e-06,0.47765
7.705e-06,0.64217
7.71e-06,0.73662
7.715e-06,0.75103
7.72e-06,0.67265
7.725e-06,0.49375
7.73e-06,0.23259
7.735e-06,-0.057556
7.74e-06,-0.30711
7.745e-06,-0.46841
7.75e-06,-0.54343
7.755e-06,-0.57697
7.76e-06,-0.61773
7.765e-06,-0.67588
7.77e-06,-0.711
7.775e-06,-0.66222
7.78e-06,-0.4962
7.785e-06,-0.23566
7.79e-06,0.05378
7.795e-06,0.3053
7.8e-06,0.48619
7.805e-06,0.59835
7.81e-06,0.64793
7.815e-06,0.61888
7.82e-06,0.4798
7.825e-06,0.22546
7.83e-06,-0.082807
7.835e-06,-0.32064
7.84e-06,-0.36137
7.845e-06,-0.15809
7.85e-06,0.21159
7.855e-06,0.57659
7.86e-06,0.76673
7.865e-06,0.70982
7.87e-06,0.46694
7.875e-06,0.18495
7.88e-06,0.0028892
7.885e-06,-0.023355
7.89e-06,0.068862
7.895e-06,0.19949
7.9e-06,0.3103
7.905e-06,0.39194
7.91e-06,0.4592
7.915e-06,0.50743
7.92e-06,0.49569
7.925e-06,0.37838
7.93e-06,0.161
7.935e-06,-0.072894
7.94e-06,-0.19849
7.945e-06,-0.13419
7.95e-06,0.087357
7.955e-06,0.32076
7.96e-06,0.39407
7.965e-06,0.22718
7.97e-06,-0.09943
7.975e-06,-0.38277
7.98e-06,-0.42348
7.985e-06,-0.15933
7.99e-06,0.28529
7.995e-06,0.66973
8e-06,0.78239
8.005e-06,0.56451
8.01e-06,0.13492
8.015e-06,-0.29499
8.02e-06,-0.54867
8.025e-06,-0.56825
8.03e-06,-0.40833
8.035e-06,-0.16357
8.04e-06,0.1011
8.045e-06,0.36286
8.05e-06,0.59934
8.055e-06,0.74636
8.06e-06,0.70884
8.065e-06,0.43049
8.07e-06,-0.032951
8.075e-06,-0.50578
8.08e-06,-0.77637
8.085e-06,-0.72432
8.09e-06,-0.40184
8.095e-06,-0.0060867
8.1e-06,0.24522
8.105e-06,0.24906
8.11e-06,0.070026
8.115e-06,-0.12161
8.12e-06,-0.1762
8.125e-06,-0.062205
8.13e-06,0.13119
8.135e-06,0.27472
8.14e-06,0.29206
8.145e-06,0.19578
8.15e-06,0.048671
8.155e-06,-0.10056
8.16e-06,-0.24818
8.165e-06,-0.4073
8.17e-06,-0.55646
8.175e-06,-0.62161
8.18e-06,-0.51812
8.185e-06,-0.22385
8.19e-06,0.1794
8.195e-06,0.53671
8.2e-06,0.7068
8.205e-06,0.64
8.21e-06,0.39115
8.215e-06,0.064956
8.22e-06,-0.25412
8.225e-06,-0.52888
8.23e-06,-0.74005
8.235e-06,-0.84163
8.24e-06,-0.76078
8.245e-06,-0.4578
8.25e-06,-0.00046924
8.255e-06,0.42445
8.26e-06,0.59633
8.265e-06,0.4011
8.27e-06,-0.073311
8.275e-06,-0.56578
8.28e-06,-0.79139
8.285e-06,-0.61677
8.29e-06,-0.14259
8.295e-06,0.36255
8.3e-06,0.6313
8.305e-06,0.55351
8.31e-06,0.22111
8.315e-06,-0.15639
8.32e-06,-0.39308
8.325e-06,-0.42552
8.33e-06,-0.31402
8.335e-06,-0.16709
8.34e-06,-0.059034
8.345e-06,0.00081202
8.35e-06,0.040507
8.355e-06,0.078619
8.36e-06,0.1022
8.365e-06,0.084723
8.37e-06,0.019881
8.375e-06,-0.064309
8.38e-06,-0.12318
8.385e-06,-0.13007
8.39e-06,-0.095971
8.395e-06,-0.060326
8.4e-06,-0.060341
8.405e-06,-0.10592
8.41e-06,-0.17694
8.415e-06,-0.24222
8.42e-06,-0.27992
8.425e-06,-0.28412
8.43e-06,-0.25796
8.435e-06,-0.20309
8.44e-06,-0.11963
8.445e-06,-0.016185
8.45e-06,0.081484
8.455e-06,0.13515
8.46e-06,0.11215
8.465e-06,0.0058685
8.47e-06,-0.15719
8.475e-06,-0.32944
8.48e-06,-0.46743
8.485e-06,-0.55281
8.49e-06,-0.59534
8.495e-06,-0.61913
8.5e-06,-0.64261
8.505e-06,-0.66729
8.51e-06,-0.68255
8.515e-06,-0.67947
8.52e-06,-0.66223
8.525e-06,-0.6452
8.53e-06,-0.6395
8.535e-06,-0.63849
8.54e-06,-0.61855
8.545e-06,-0.55694
8.55e-06,-0.45333
8.555e-06,-0.33834
8.56e-06,-0.2565
8.565e-06,-0.23317
8.57e-06,-0.24962
8.575e-06,-0.24907
8.58e-06,-0.17351
8.585e-06,-0.0090427
8.59e-06,0.19406
8.595e-06,0.34466
8.6e-06,0.36539
8.605e-06,0.24156
8.61e-06,0.0303
8.615e-06,-0.17408
8.62e-06,-0.29407
8.625e-06,-0.30347
8.63e-06,-0.22348
8.635e-06,-0.090548
8.64e-06,0.07151
8.645e-06,0.2535
8.65e-06,0.44073
8.655e-06,0.5957
8.66e-06,0.6673
8.665e-06,0.62495
8.67e-06,0.48948
8.675e-06,0.33344
8.68e-06,0.24084
8.685e-06,0.25278
8.69e-06,0.33531
8.695e-06,0.39612
8.7e-06,0.34019
8.705e-06,0.1301
8.71e-06,-0.1888
8.715e-06,-0.51154
8.72e-06,-0.73121
8.725e-06,-0.79521
8.73e-06,-0.72963
8.735e-06,-0.61823
8.74e-06,-0.55171
8.745e-06,-0.57531
8.75e-06,-0.6637
8.755e-06,-0.7379
8.76e-06,-0.71518
8.765e-06,-0.56365
8.77e-06,-0.32983
8.775e-06,-0.11819
8.78e-06,-0.032579
8.785e-06,-0.11281
8.79e-06,-0.30563
8.795e-06,-0.49176
8.8e-06,-0.55347
8.805e-06,-0.44301
8.81e-06,-0.20928
8.815e-06,0.032653
8.82e-06,0.16791
8.825e-06,0.14422
8.83e-06,-0.0055613
8.835e-06,-0.18915
8.84e-06,-0.30818
8.845e-06,-0.30721
8.85e-06,-0.19491
8.855e-06,-0.029392
8.86e-06,0.11843
8.865e-06,0.20301
8.87e-06,0.22455
8.875e-06,0.22192
8.88e-06,0.24067
8.885e-06,0.29457
8.89e-06,0.34616
8.895e-06,0.32135
8.9e-06,0.15769
8.905e-06,-0.14188
8.91e-06,-0.48745
8.915e-06,-0.73338
8.92e-06,-0.7517
8.925e-06,-0.50484
8.93e-06,-0.07158
8.935e-06,0.39257
8.94e-06,0.73641
8.945e-06,0.88522
8.95e-06,0.86036
8.955e-06,0.74333
8.96e-06,0.61465
8.965e-06,0.51143
8.97e-06,0.42786
8.975e-06,0.3452
8.98e-06,0.26226
8.985e-06,0.20101
8.99e-06,0.18688
8.995e-06,0.22432
9e-06,0.28957
9.005e-06,0.3443
9.01e-06,0.35945
9.015e-06,0.33093
9.02e-06,0.27806
9.025e-06,0.22966
9.03e-06,0.2094
9.035e-06,0.22556
9.04e-06,0.26913
9.045e-06,0.3176
9.05e-06,0.34523
9.055e-06,0.33432
9.06e-06,0.2844
9.065e-06,0.21015
9.07e-06,0.12701
9.075e-06,0.034754
9.08e-06,-0.086037
9.085e-06,-0.25437
9.09e-06,-0.45798
9.095e-06,-0.638
9.1e-06,-0.71023
9.105e-06,-0.61934
9.11e-06,-0.39067
9.115e-06,-0.13437
9.12e-06,0.011093
9.125e-06,-0.033629
9.13e-06,-0.23124
9.135e-06,-0.44586
9.14e-06,-0.52945
9.145e-06,-0.4194
9.15e-06,-0.17842
9.155e-06,0.05025
9.16e-06,0.13876
9.165e-06,0.051982
9.17e-06,-0.14618
9.175e-06,-0.35156
9.18e-06,-0.49131
9.185e-06,-0.55228
9.19e-06,-0.55166
9.195e-06,-0.48945
9.2e-06,-0.33384
9.205e-06,-0.059131
9.21e-06,0.29774
9.215e-06,0.61892
9.22e-06,0.75716
9.225e-06,0.6292
9.23e-06,0.28366
9.235e-06,-0.11474
9.24e-06,-0.38023
9.245e-06,-0.41813
9.25e-06,-0.27498
9.255e-06,-0.095059
9.26e-06,-0.017367
9.265e-06,-0.089444
9.27e-06,-0.25387
9.275e-06,-0.40658
9.28e-06,-0.47236
9.285e-06,-0.43852
9.29e-06,-0.33145
9.295e-06,-0.17083
9.3e-06,0.048419
9.305e-06,0.32657
9.31e-06,0.61195
9.315e-06,0.79047
9.32e-06,0.73991
9.325e-06,0.4183
9.33e-06,-0.078265
9.335e-06,-0.54446
9.34e-06,-0.77189
9.345e-06,-0.66844
9.35e-06,-0.30946
9.355e-06,0.11217
9.36e-06,0.40439
9.365e-06,0.48117
9.37e-06,0.39004
9.375e-06,0.25369
9.38e-06,0.17761
9.385e-06,0.18974
9.39e-06,0.24701
9.395e-06,0.28818
9.4e-06,0.28448
9.405e-06,0.24946
9.41e-06,0.2109
9.415e-06,0.17659
9.42e-06,0.12779
9.425e-06,0.044532
9.43e-06,-0.061751
9.435e-06,-0.14239
9.44e-06,-0.13991
9.445e-06,-0.029434
9.45e-06,0.15947
9.455e-06,0.36023
9.46e-06,0.51137
9.465e-06,0.59118
9.47e-06,0.61943
9.475e-06,0.63027
9.48e-06,0.64086
9.485e-06,0.64335
9.49e-06,0.62486
9.495e-06,0.59219
9.5e-06,0.57435
9.505e-06,0.59567
9.51e-06,0.64216
9.515e-06,0.65323
9.52e-06,0.55532
9.525e-06,0.31939
9.53e-06,0.0013014
9.535e-06,-0.27281
9.54e-06,-0.3726
9.545e-06,-0.24374
9.55e-06,0.052509
9.555e-06,0.36647
9.56e-06,0.54113
9.565e-06,0.49524
9.57e-06,0.26018
9.575e-06,-0.049316
9.58e-06,-0.30469
9.585e-06,-0.42948
9.59e-06,-0.42365
9.595e-06,-0.34091
9.6e-06,-0.24136
9.605e-06,-0.15299
9.61e-06,-0.063514
9.615e-06,0.05773
9.62e-06,0.22757
9.625e-06,0.42689
9.63e-06,0.6033
9.635e-06,0.69448
9.64e-06,0.65885
9.645e-06,0.49645
9.65e-06,0.24748
9.655e-06,-0.028191
9.66e-06,-0.27677
9.665e-06,-0.46534
9.67e-06,-0.57719
9.675e-06,-0.59697
9.68e-06,-0.50441
9.685e-06,-0.28959
9.69e-06,0.018276
9.695e-06,0.33573
9.7e-06,0.54896
9.705e-06,0.57617
9.71e-06,0.42996
9.715e-06,0.23021
9.72e-06,0.14095
9.725e-06,0.26147
9.73e-06,0.54265
9.735e-06,0.79629
9.74e-06,0.80718
9.745e-06,0.48033
9.75e-06,-0.075572
9.755e-06,-0.59385
9.76e-06,-0.80499
9.765e-06,-0.60246
9.77e-06,-0.11134
9.775e-06,0.38654
9.78e-06,0.61943
9.785e-06,0.47775
9.79e-06,0.057983
9.795e-06,-0.41765
9.8e-06,-0.74316
9.805e-06,-0.83769
9.81e-06,-0.76093
9.815e-06,-0.64341
9.82e-06,-0.59116
9.825e-06,-0.62831
9.83e-06,-0.70319
9.835e-06,-0.73954
9.84e-06,-0.69009
9.845e-06,-0.55801
9.85e-06,-0.3831
9.855e-06,-0.20871
9.86e-06,-0.056582
9.865e-06,0.077345
9.87e-06,0.20795
9.875e-06,0.34117
9.88e-06,0.46316
9.885e-06,0.54608
9.89e-06,0.56621
9.895e-06,0.52123
9.9e-06,0.434
9.905e-06,0.33813
9.91e-06,0.2552
9.915e-06,0.18023
9.92e-06,0.090907
9.925e-06,-0.02421
9.93e-06,-0.13917
9.935e-06,-0.19151
9.94e-06,-0.11857
9.945e-06,0.08955
9.95e-06,0.35978
9.955e-06,0.55623
9.96e-06,0.5501
9.965e-06,0.29882
9.97e-06,-0.11715
9.975e-06,-0.5285
9.98e-06,-0.76679
9.985e-06,-0.75663
9.99e-06,-0.55238
9.995e-06,-0.30002
1e-05,-0.1476
1.0005e-05,-0.16274
1.001e-05,-0.30569
1.0015e-05,-0.47008
1.002e-05,-0.55803
1.0025e-05,-0.53967
1.003e-05,-0.46039
1.0035e-05,-0.39782
1.004e-05,-0.40395
1.0045e-05,-0.47117
1.005e-05,-0.54274
1.0055e-05,-0.55361
1.006e-05,-0.46953
1.0065e-05,-0.29862
1.007e-05,-0.073747
1.0075e-05,0.17353
1.008e-05,0.42298
1.0085e-05,0.65287
1.009e-05,0.82081
1.0095e-05,0.86306
1.01e-05,0.72448
1.0105e-05,0.40199
1.011e-05,-0.031106
1.0115e-05,-0.44485
1.012e-05,-0.71136
1.0125e-05,-0.76793
1.013e-05,-0.6436
1.0135e-05,-0.4329
1.014e-05,-0.2375
1.0145e-05,-0.11548
1.015e-05,-0.068839
1.0155e-05,-0.070622
1.016e-05,-0.10068
1.0165e-05,-0.15985
1.017e-05,-0.2552
1.0175e-05,-0.37465
1.018e-05,-0.48155
1.0185e-05,-0.53845
1.019e-05,-0.54158
1.0195e-05,-0.53248
1.02e-05,-0.56993
1.0205e-05,-0.67813
1.021e-05,-0.81091
1.0215e-05,-0.86546
1.022e-05,-0.74372
1.0225e-05,-0.42157
1.023e-05,0.022463
1.0235e-05,0.44183
1.024e-05,0.69803
1.0245e-05,0.72969
1.025e-05,0.57096
1.0255e-05,0.31525
1.026e-05,0.054573
1.0265e-05,-0.1635
1.027e-05,-0.33741
1.0275e-05,-0.48305
1.028e-05,-0.60479
1.0285e-05,-0.68885
1.029e-05,-0.71937
1.0295e-05,-0.69706
1.03e-05,-0.64323
1.0305e-05,-0.58561
1.031e-05,-0.54054
1.0315e-05,-0.50737
1.032e-05,-0.47929
1.0325e-05,-0.45625
1.033e-05,-0.44617
1.0335e-05,-0.45175
1.034e-05,-0.4588
1.0345e-05,-0.44071
1.035e-05,-0.38178
1.0355e-05,-0.29925
1.036e-05,-0.24015
1.0365e-05,-0.24775
1.037e-05,-0.31863
1.0375e-05,-0.38844
1.038e-05,-0.36777
1.0385e-05,-0.21052
1.039e-05,0.033862
1.0395e-05,0.22979
1.04e-05,0.23383
1.0405e-05,-0.0048626
1.041e-05,-0.38978
1.0415e-05,-0.71514
1.042e-05,-0.78015
1.0425e-05,-0.51097
1.043e-05,-0.013259
1.0435e-05,0.48223
1.044e-05,0.74687
1.0445e-05,0.67662
1.045e-05,0.33822
1.0455e-05,-0.082471
1.046e-05,-0.39112
1.0465e-05,-0.48392
1.047e-05,-0.37969
1.0475e-05,-0.18031
1.048e-05,0.0058143
1.0485e-05,0.12555
1.049e-05,0.19541
1.0495e-05,0.27006
1.05e-05,0.39307
1.0505e-05,0.56072
1.051e-05,0.71819
1.0515e-05,0.78662
1.052e-05,0.70407
1.0525e-05,0.46063
1.053e-05,0.11079
1.0535e-05,-0.24323
1.054e-05,-0.49198
1.0545e-05,-0.5658
1.055e-05,-0.46568
1.0555e-05,-0.26154
1.056e-05,-0.057626
1.0565e-05,0.058523
1.057e-05,0.056821
1.0575e-05,-0.030087
1.058e-05,-0.13698
1.0585e-05,-0.21389
1.059e-05,-0.25878
1.0595e-05,-0.3132
1.06e-05,-0.42336
1.0605e-05,-0.59179
1.061e-05,-0.75607
1.0615e-05,-0.81339
1.062e-05,-0.67983
1.0625e-05,-0.34891
1.063e-05,0.088856
1.0635e-05,0.48288
1.064e-05,0.69743
1.0645e-05,0.67948
1.065e-05,0.48092
1.0655e-05,0.22125
1.066e-05,0.018462
1.0665e-05,-0.070385
1.067e-05,-0.064625
1.0675e-05,-0.029505
1.068e-05,-0.025231
1.0685e-05,-0.069545
1.069e-05,-0.13532
1.0695e-05,-0.17578
1.07e-05,-0.1589
1.0705e-05,-0.08928
1.071e-05,-0.0072421
1.0715e-05,0.030533
1.072e-05,-0.020924
1.0725e-05,-0.16827
1.073e-05,-0.36627
1.0735e-05,-0.52792
1.074e-05,-0.56193
1.0745e-05,-0.42524
1.075e-05,-0.16209
1.0755e-05,0.10131
1.076e-05,0.21641
1.0765e-05,0.099073
1.077e-05,-0.20944
1.0775e-05,-0.55339
1.078e-05,-0.74897
1.0785e-05,-0.69632
1.079e-05,-0.44306
1.0795e-05,-0.15621
1.08e-05,-0.014888
1.0805e-05,-0.095523
1.081e-05,-0.32383
1.0815e-05,-0.52603
1.082e-05,-0.54167
1.0825e-05,-0.32395
1.083e-05,0.03754
1.0835e-05,0.37769
1.084e-05,0.55636
1.0845e-05,0.53146
1.085e-05,0.36548
1.0855e-05,0.17172
1.086e-05,0.044154
1.0865e-05,0.014206
1.087e-05,0.052525
1.0875e-05,0.10272
1.088e-05,0.11954
1.0885e-05,0.088182
1.089e-05,0.020404
1.0895e-05,-0.061831
1.09e-05,-0.14216
1.0905e-05,-0.21597
1.091e-05,-0.28648
1.0915e-05,-0.35603
1.092e-05,-0.41963
1.0925e-05,-0.46275
1.093e-05,-0.4648
1.0935e-05,-0.40701
1.094e-05,-0.28071
1.0945e-05,-0.094542
1.095e-05,0.12356
1.0955e-05,0.32955
1.096e-05,0.47364
1.0965e-05,0.5161
1.097e-05,0.44278
1.0975e-05,0.27488
1.098e-05,0.064911
1.0985e-05,-0.12363
1.099e-05,-0.24358
1.0995e-05,-0.28495
1.1e-05,-0.27233
1.1005e-05,-0.23907
1.101e-05,-0.19426
1.1015e-05,-0.1104
1.102e-05,0.054389
1.1025e-05,0.30903
1.103e-05,0.5916
1.1035e-05,0.77739
1.104e-05,0.74147
1.1045e-05,0.44131
1.105e-05,-0.036639
1.1055e-05,-0.5054
1.106e-05,-0.77423
1.1065e-05,-0.75462
1.107e-05,-0.50798
1.1075e-05,-0.20217
1.108e-05,-0.0062523
1.1085e-05,0.005808
1.109e-05,-0.11746
1.1095e-05,-0.25947
1.11e-05,-0.32215
1.1105e-05,-0.28067
1.111e-05,-0.17332
1.1115e-05,-0.047051
1.112e-05,0.086953
1.1125e-05,0.24645
1.113e-05,0.42839
1.1135e-05,0.56858
1.114e-05,0.55953
1.1145e-05,0.32631
1.115e-05,-0.094158
1.1155e-05,-0.54022
1.116e-05,-0.80469
1.1165e-05,-0.76389
1.117e-05,-0.46611
1.1175e-05,-0.11206
1.118e-05,0.069784
1.1185e-05,-0.02734
1.119e-05,-0.31661
1.1195e-05,-0.57359
1.12e-05,-0.58374
1.1205e-05,-0.28363
1.121e-05,0.19749
1.1215e-05,0.61765
1.122e-05,0.76652
1.1225e-05,0.5783
1.123e-05,0.14949
1.1235e-05,-0.33767
1.124e-05,-0.72093
1.1245e-05,-0.92398
1.125e-05,-0.9538
1.1255e-05,-0.85179
1.126e-05,-0.65181
1.1265e-05,-0.37627
1.127e-05,-0.063508
1.1275e-05,0.21178
1.128e-05,0.3564
1.1285e-05,0.31075
1.129e-05,0.096918
1.1295e-05,-0.17825
1.13e-05,-0.37699
1.1305e-05,-0.41004
1.131e-05,-0.28998
1.1315e-05,-0.11975
1.132e-05,-0.025015
1.1325e-05,-0.074143
1.133e-05,-0.24033
1.1335e-05,-0.42692
1.134e-05,-0.53686
1.1345e-05,-0.53488
1.135e-05,-0.46238
1.1355e-05,-0.39921
1.136e-05,-0.40309
1.1365e-05,-0.4708
1.137e-05,-0.54395
1.1375e-05,-0.54942
1.138e-05,-0.44247
1.1385e-05,-0.22602
1.139e-05,0.059917
1.1395e-05,0.36088
1.14e-05,0.62493
1.1405e-05,0.80781
1.141e-05,0.87493
1.1415e-05,0.80842
1.142e-05,0.6187
1.1425e-05,0.34747
1.143e-05,0.054169
1.1435e-05,-0.20908
1.144e-05,-0.41337
1.1445e-05,-0.54731
1.145e-05,-0.59655
1.1455e-05,-0.53069
1.146e-05,-0.32061
1.1465e-05,0.020968
1.147e-05,0.4073
1.1475e-05,0.69143
1.148e-05,0.73277
1.1485e-05,0.48137
1.149e-05,0.02324
1.1495e-05,-0.45214
1.15e-05,-0.74861
1.1505e-05,-0.76679
1.151e-05,-0.54963
1.1515e-05,-0.24408
1.152e-05,-0.0082675
1.1525e-05,0.074099
1.153e-05,0.020582
1.1535e-05,-0.087207
1.154e-05,-0.16971
1.1545e-05,-0.19712
1.155e-05,-0.19199
1.1555e-05,-0.19765
1.156e-05,-0.24063
1.1565e-05,-0.31442
1.157e-05,-0.38953
1.1575e-05,-0.43664
1.158e-05,-0.44507
1.1585e-05,-0.42669
1.159e-05,-0.40695
1.1595e-05,-0.41144
1.16e-05,-0.45346
1.1605e-05,-0.52791
1.161e-05,-0.61169
1.1615e-05,-0.6714
1.162e-05,-0.67526
1.1625e-05,-0.60579
1.163e-05,-0.46629
1.1635e-05,-0.28085
1.164e-05,-0.086085
1.1645e-05,0.08095
1.165e-05,0.19364
1.1655e-05,0.24399
1.166e-05,0.24261
1.1665e-05,0.20967
1.167e-05,0.15979
1.1675e-05,0.089436
1.168e-05,-0.020577
1.1685e-05,-0.18301
1.169e-05,-0.37406
1.1695e-05,-0.5218
1.17e-05,-0.5344
1.1705e-05,-0.36158
1.171e-05,-0.051519
1.1715e-05,0.24752
1.172e-05,0.36047
1.1725e-05,0.19904
1.173e-05,-0.16097
1.1735e-05,-0.50299
1.174e-05,-0.59393
1.1745e-05,-0.33581
1.175e-05,0.15904
1.1755e-05,0.62671
1.176e-05,0.81163
1.1765e-05,0.62099
1.177e-05,0.17118
1.1775e-05,-0.29902
1.178e-05,-0.58149
1.1785e-05,-0.60891
1.179e-05,-0.45399
1.1795e-05,-0.23974
1.18e-05,-0.043507
1.1805e-05,0.13083
1.181e-05,0.30399
1.1815e-05,0.45627
1.182e-05,0.5157
1.1825e-05,0.41593
1.183e-05,0.17297
1.1835e-05,-0.09288
1.184e-05,-0.22252
1.1845e-05,-0.12951
1.185e-05,0.12565
1.1855e-05,0.36187
1.186e-05,0.3914
1.1865e-05,0.14591
1.187e-05,-0.27054
1.1875e-05,-0.63958
1.188e-05,-0.75573
1.1885e-05,-0.54216
1.189e-05,-0.086398
1.1895e-05,0.41795
1.19e-05,0.7801
1.1905e-05,0.90601
1.191e-05,0.82784
1.1915e-05,0.66361
1.192e-05,0.53737
1.1925e-05,0.50631
1.193e-05,0.5339
1.1935e-05,0.52103
1.194e-05,0.37665
1.1945e-05,0.08651
1.195e-05,-0.26153
1.1955e-05,-0.51651
1.196e-05,-0.54921
1.1965e-05,-0.33197
1.197e-05,0.036079
1.1975e-05,0.3778
1.198e-05,0.5326
1.1985e-05,0.43698
1.199e-05,0.14537
1.1995e-05,-0.21645
1.2e-05,-0.52596
1.2005e-05,-0.71679
1.201e-05,-0.78222
1.2015e-05,-0.74454
1.202e-05,-0.62349
1.2025e-05,-0.43014
1.203e-05,-0.18378
1.2035e-05,0.075191
1.204e-05,0.29316
1.2045e-05,0.42988
1.205e-05,0.48036
1.2055e-05,0.47227
1.206e-05,0.44263
1.2065e-05,0.41319
1.207e-05,0.38437
1.2075e-05,0.34868
1.208e-05,0.30771
1.2085e-05,0.27462
1.209e-05,0.25998
1.2095e-05,0.25935
1.21e-05,0.25602
1.2105e-05,0.23874
1.211e-05,0.21711
1.2115e-05,0.21709
1.212e-05,0.25901
1.2125e-05,0.33675
1.213e-05,0.4183
1.2135e-05,0.46765
1.214e-05,0.46852
1.2145e-05,0.42831
1.215e-05,0.35854
1.2155e-05,0.25356
1.216e-05,0.092406
1.2165e-05,-0.13391
1.217e-05,-0.39123
1.2175e-05,-0.60189
1.218e-05,-0.68292
1.2185e-05,-0.60071
1.219e-05,-0.39973
1.2195e-05,-0.18108
1.22e-05,-0.041907
1.2205e-05,-0.018768
1.221e-05,-0.073743
1.2215e-05,-0.12871
1.222e-05,-0.12041
1.2225e-05,-0.035583
1.223e-05,0.093856
1.2235e-05,0.22246
1.224e-05,0.31953
1.2245e-05,0.3758
1.225e-05,0.39012
1.2255e-05,0.35644
1.226e-05,0.26601
1.2265e-05,0.12202
1.227e-05,-0.049827
1.2275e-05,-0.20569
1.228e-05,-0.30139
1.2285e-05,-0.31053
1.229e-05,-0.23191
1.2295e-05,-0.083556
1.23e-05,0.10507
1.2305e-05,0.29751
1.231e-05,0.45049
1.2315e-05,0.51895
1.232e-05,0.4713
1.2325e-05,0.30811
1.233e-05,0.071542
1.2335e-05,-0.1656
1.234e-05,-0.32855
1.2345e-05,-0.37326
1.235e-05,-0.30414
1.2355e-05,-0.16844
1.236e-05,-0.030303
1.2365e-05,0.060997
1.237e-05,0.090858
1.2375e-05,0.078452
1.238e-05,0.056189
1.2385e-05,0.041601
1.239e-05,0.019845
1.2395e-05,-0.049849
1.24e-05,-0.20261
1.2405e-05,-0.42989
1.241e-05,-0.66184
1.2415e-05,-0.7899
1.242e-05,-0.72307
1.2425e-05,-0.44821
1.243e-05,-0.052083
1.2435e-05,0.31215
1.244e-05,0.50152
1.2445e-05,0.45588
1.245e-05,0.22321
1.2455e-05,-0.076394
1.246e-05,-0.32079
1.2465e-05,-0.4436
1.247e-05,-0.44679
1.2475e-05,-0.37014
1.248e-05,-0.25005
1.2485e-05,-0.099344
1.249e-05,0.081064
1.2495e-05,0.27874
1.25e-05,0.45967
1.2505e-05,0.5823
1.251e-05,0.6214
1.2515e-05,0.58113
1.252e-05,0.4873
1.2525e-05,0.36885
1.253e-05,0.24599
1.2535e-05,0.13459
1.254e-05,0.05386
1.2545e-05,0.021505
1.255e-05,0.03279
1.2555e-05,0.043486
1.256e-05,-0.016391
1.2565e-05,-0.19445
1.257e-05,-0.46245
1.2575e-05,-0.70379
1.258e-05,-0.76845
1.2585e-05,-0.56876
1.259e-05,-0.15298
1.2595e-05,0.30302
1.26e-05,0.59211
1.2605e-05,0.60138
1.261e-05,0.38068
1.2615e-05,0.10659
1.262e-05,-0.035701
1.2625e-05,0.027916
1.263e-05,0.22035
1.2635e-05,0.37463
1.264e-05,0.34878
1.2645e-05,0.11513
1.265e-05,-0.22992
1.2655e-05,-0.5315
1.266e-05,-0.66443
1.2665e-05,-0.58794
1.267e-05,-0.34548
1.2675e-05,-0.025186
1.268e-05,0.28372
1.2685e-05,0.51794
1.269e-05,0.64714
1.2695e-05,0.67051
1.27e-05,0.60821
1.2705e-05,0.48639
1.271e-05,0.31869
1.2715e-05,0.099453
1.272e-05,-0.18108
1.2725e-05,-0.50213
1.273e-05,-0.78671
1.2735e-05,-0.9153
1.274e-05,-0.78802
1.2745e-05,-0.39976
1.275e-05,0.12553
1.2755e-05,0.5782
1.276e-05,0.76582
1.2765e-05,0.61466
1.277e-05,0.20365
1.2775e-05,-0.28768
1.278e-05,-0.67846
1.2785e-05,-0.86757
1.279e-05,-0.85313
1.2795e-05,-0.69383
1.28e-05,-0.4564
1.2805e-05,-0.18863
1.281e-05,0.075677
1.2815e-05,0.30012
1.282e-05,0.44554
1.2825e-05,0.48867
1.283e-05,0.44165
1.2835e-05,0.35024
1.284e-05,0.27134
1.2845e-05,0.24596
1.285e-05,0.2855
1.2855e-05,0.37739
1.286e-05,0.49635
1.2865e-05,0.61145
1.287e-05,0.68727
1.2875e-05,0.69116
1.288e-05,0.60768
1.2885e-05,0.45087
1.289e-05,0.26051
1.2895e-05,0.079667
1.29e-05,-0.068504
1.2905e-05,-0.18189
1.291e-05,-0.25636
1.2915e-05,-0.26217
1.292e-05,-0.15234
1.2925e-05,0.091963
1.293e-05,0.4133
1.2935e-05,0.67564
1.294e-05,0.72784
1.2945e-05,0.49993
1.295e-05,0.061166
1.2955e-05,-0.40685
1.296e-05,-0.71205
1.2965e-05,-0.75859
1.297e-05,-0.58565
1.2975e-05,-0.31932
1.298e-05,-0.083334
1.2985e-05,0.061692
1.299e-05,0.11422
1.2995e-05,0.086462
1.3e-05,-0.025748
1.3005e-05,-0.22717
1.301e-05,-0.48028
1.3015e-05,-0.68718
1.302e-05,-0.72787
1.3025e-05,-0.53425
1.303e-05,-0.14361
1.3035e-05,0.31469
1.304e-05,0.69107
1.3045e-05,0.89359
1.305e-05,0.91798
1.3055e-05,0.81988
1.306e-05,0.66374
1.3065e-05,0.49344
1.307e-05,0.33993
1.3075e-05,0.24021
1.308e-05,0.23482
1.3085e-05,0.33787
1.309e-05,0.50871
1.3095e-05,0.65837
1.31e-05,0.69677
1.3105e-05,0.58697
1.311e-05,0.36442
1.3115e-05,0.10701
1.312e-05,-0.11646
1.3125e-05,-0.27626
1.313e-05,-0.36908
1.3135e-05,-0.38501
1.314e-05,-0.29487
1.3145e-05,-0.077599
1.315e-05,0.23554
1.3155e-05,0.5442
1.316e-05,0.71953
1.3165e-05,0.68156
1.317e-05,0.45866
1.3175e-05,0.17916
1.318e-05,-0.0055656
1.3185e-05,-0.016692
1.319e-05,0.10216
1.3195e-05,0.21653
1.32e-05,0.19147
1.3205e-05,-0.019359
1.321e-05,-0.3426
1.3215e-05,-0.62993
1.322e-05,-0.74659
1.3225e-05,-0.64931
1.323e-05,-0.40616
1.3235e-05,-0.15271
1.324e-05,-0.010791
1.3245e-05,-0.020865
1.325e-05,-0.12492
1.3255e-05,-0.20808
1.326e-05,-0.17143
1.3265e-05,0.010429
1.327e-05,0.2799
1.3275e-05,0.53786
1.328e-05,0.70493
1.3285e-05,0.76076
1.329e-05,0.73925
1.3295e-05,0.69032
1.33e-05,0.64251
1.3305e-05,0.59471
1.331e-05,0.53585
1.3315e-05,0.47062
1.332e-05,0.42207
1.3325e-05,0.40858
1.333e-05,0.41724
1.3335e-05,0.40218
1.334e-05,0.31435
1.3345e-05,0.14184
1.335e-05,-0.071186
1.3355e-05,-0.24487
1.336e-05,-0.30824
1.3365e-05,-0.23603
1.337e-05,-0.052627
1.3375e-05,0.19105
1.338e-05,0.44441
1.3385e-05,0.66505
1.339e-05,0.81067
1.3395e-05,0.83217
1.34e-05,0.6891
1.3405e-05,0.38093
1.341e-05,-0.030512
1.3415e-05,-0.43231
1.342e-05,-0.70743
1.3425e-05,-0.78895
1.343e-05,-0.68785
1.3435e-05,-0.47582
1.344e-05,-0.23827
1.3445e-05,-0.029942
1.345e-05,0.1394
1.3455e-05,0.28762
1.346e-05,0.42973
1.3465e-05,0.55961
1.347e-05,0.65343
1.3475e-05,0.68784
1.348e-05,0.6574
1.3485e-05,0.57776
1.349e-05,0.47628
1.3495e-05,0.37767
1.35e-05,0.2944
1.3505e-05,0.22704
1.351e-05,0.17056
1.3515e-05,0.12362
1.352e-05,0.092454
1.3525e-05,0.088915
1.353e-05,0.12263
1.3535e-05,0.19315
1.354e-05,0.28799
1.3545e-05,0.38812
1.355e-05,0.47929
1.3555e-05,0.5577
1.356e-05,0.62646
1.3565e-05,0.68223
1.357e-05,0.70271
1.3575e-05,0.64904
1.358e-05,0.48542
1.3585e-05,0.20786
1.359e-05,-0.13759
1.3595e-05,-0.46328
1.36e-05,-0.6735
1.3605e-05,-0.70764
1.361e-05,-0.56745
1.3615e-05,-0.31416
1.362e-05,-0.035628
1.3625e-05,0.19722
1.363e-05,0.35936
1.3635e-05,0.47301
1.364e-05,0.57945
1.3645e-05,0.69934
1.365e-05,0.80575
1.3655e-05,0.82952
1.366e-05,0.69876
1.3665e-05,0.39397
1.367e-05,-0.016707
1.3675e-05,-0.39004
1.368e-05,-0.57423
1.3685e-05,-0.49616
1.369e-05,-0.21751
1.3695e-05,0.085993
1.37e-05,0.21951
1.3705e-05,0.089048
1.371e-05,-0.23075
1.3715e-05,-0.53052
1.372e-05,-0.59047
1.3725e-05,-0.32112
1.373e-05,0.16928
1.3735e-05,0.62991
1.374e-05,0.81477
1.3745e-05,0.63082
1.375e-05,0.19353
1.3755e-05,-0.24528
1.376e-05,-0.45102
1.3765e-05,-0.34252
1.377e-05,-0.026411
1.3775e-05,0.28359
1.378e-05,0.40606
1.3785e-05,0.29679
1.379e-05,0.058289
1.3795e-05,-0.14165
1.38e-05,-0.17962
1.3805e-05,-0.042879
1.381e-05,0.18348
1.3815e-05,0.38463
1.382e-05,0.48572
1.3825e-05,0.47801
1.383e-05,0.39477
1.3835e-05,0.26842
1.384e-05,0.10809
1.3845e-05,-0.089234
1.385e-05,-0.31055
1.3855e-05,-0.5122
1.386e-05,-0.63653
1.3865e-05,-0.64742
1.387e-05,-0.55548
1.3875e-05,-0.41275
1.388e-05,-0.28209
1.3885e-05,-0.20416
1.389e-05,-0.18645
1.3895e-05,-0.21654
1.39e-05,-0.28287
1.3905e-05,-0.38178
1.391e-05,-0.50518
1.3915e-05,-0.62513
1.392e-05,-0.69697
1.3925e-05,-0.68524
1.393e-05,-0.5931
1.3935e-05,-0.47003
1.394e-05,-0.38388
1.3945e-05,-0.37298
1.395e-05,-0.41311
1.3955e-05,-0.42638
1.396e-05,-0.33006
1.3965e-05,-0.094442
1.397e-05,0.22832
1.3975e-05,0.52646
1.398e-05,0.68599
1.3985e-05,0.65009
1.399e-05,0.44382
1.3995e-05,0.15468
1.4e-05,-0.11747
1.4005e-05,-0.31006
1.401e-05,-0.42211
1.4015e-05,-0.50054
1.402e-05,-0.59951
1.4025e-05,-0.73526
1.403e-05,-0.86309
1.4035e-05,-0.89415
1.404e-05,-0.74681
1.4045e-05,-0.40795
1.405e-05,0.03516
1.4055e-05,0.42059
1.406e-05,0.5913
1.4065e-05,0.48689
1.407e-05,0.18916
1.4075e-05,-0.11416
1.408e-05,-0.23335
1.4085e-05,-0.087396
1.409e-05,0.24889
1.4095e-05,0.59279
1.41e-05,0.76406
1.4105e-05,0.68666
1.411e-05,0.41779
1.4115e-05,0.094159
1.412e-05,-0.16087
1.4125e-05,-0.30139
1.413e-05,-0.35991
1.4135e-05,-0.39678
1.414e-05,-0.44824
1.4145e-05,-0.51123
1.415e-05,-0.56559
1.4155e-05,-0.60394
1.416e-05,-0.63812
1.4165e-05,-0.67959
1.417e-05,-0.71703
1.4175e-05,-0.71908
1.418e-05,-0.66027
1.4185e-05,-0.54526
1.419e-05,-0.40479
1.4195e-05,-0.26509
1.42e-05,-0.1221
1.4205e-05,0.050597
1.421e-05,0.26002
1.4215e-05,0.45901
1.422e-05,0.55806
1.4225e-05,0.48993
1.423e-05,0.28065
1.4235e-05,0.06128
1.424e-05,-0.0045775
1.4245e-05,0.16248
1.425e-05,0.48271
1.4255e-05,0.74879
1.426e-05,0.75421
1.4265e-05,0.43271
1.427e-05,-0.088887
1.4275e-05,-0.56327
1.428e-05,-0.77044
1.4285e-05,-0.63897
1.429e-05,-0.26418
1.4295e-05,0.17427
1.43e-05,0.52296
1.4305e-05,0.71621
1.431e-05,0.76027
1.4315e-05,0.67919
1.432e-05,0.48146
1.4325e-05,0.176
1.433e-05,-0.18839
1.4335e-05,-0.51045
1.434e-05,-0.67641
1.4345e-05,-0.62738
1.435e-05,-0.40024
1.4355e-05,-0.10649
1.436e-05,0.13506
1.4365e-05,0.26036
1.437e-05,0.27275
1.4375e-05,0.20811
1.438e-05,0.092453
1.4385e-05,-0.064558
1.439e-05,-0.23948
1.4395e-05,-0.36622
1.44e-05,-0.35303
1.4405e-05,-0.14593
1.441e-05,0.20887
1.4415e-05,0.56242
1.442e-05,0.74024
1.4425e-05,0.65136
1.443e-05,0.35248
1.4435e-05,0.014915
1.444e-05,-0.18414
1.4445e-05,-0.16913
1.445e-05,0.002244
1.4455e-05,0.20059
1.446e-05,0.3239
1.4465e-05,0.3588
1.447e-05,0.36288
1.4475e-05,0.39609
1.448e-05,0.46372
1.4485e-05,0.51955
1.449e-05,0.51868
1.4495e-05,0.46732
1.45e-05,0.42202
1.4505e-05,0.43677
1.451e-05,0.50677
1.4515e-05,0.55952
1.452e-05,0.50509
1.4525e-05,0.30531
1.453e-05,0.0070625
1.4535e-05,-0.28794
1.454e-05,-0.488
1.4545e-05,-0.55997
1.455e-05,-0.52718
1.4555e-05,-0.43024
1.456e-05,-0.29515
1.4565e-05,-0.13713
1.457e-05,0.0090873
1.4575e-05,0.075309
1.458e-05,-0.008348
1.4585e-05,-0.25169
1.459e-05,-0.56496
1.4595e-05,-0.78668
1.46e-05,-0.77397
1.4605e-05,-0.49571
1.461e-05,-0.061547
1.4615e-05,0.33858
1.462e-05,0.5428
1.4625e-05,0.49883
1.463e-05,0.26963
1.4635e-05,-0.028807
1.464e-05,-0.30172
1.4645e-05,-0.50807
1.465e-05,-0.64039
1.4655e-05,-0.68882
1.466e-05,-0.63132
1.4665e-05,-0.46056
1.467e-05,-0.21806
1.4675e-05,0.003546
1.468e-05,0.10362
1.4685e-05,0.031973
1.469e-05,-0.18054
1.4695e-05,-0.44352
1.47e-05,-0.66178
1.4705e-05,-0.78205
1.471e-05,-0.80229
1.4715e-05,-0.74554
1.472e-05,-0.62877
1.4725e-05,-0.45422
1.473e-05,-0.22652
1.4735e-05,0.027165
1.474e-05,0.2579
1.4745e-05,0.41869
1.475e-05,0.49205
1.4755e-05,0.49909
1.476e-05,0.48401
1.4765e-05,0.48635
1.477e-05,0.52218
1.4775e-05,0.58335
1.478e-05,0.64995
1.4785e-05,0.70263
1.479e-05,0.72597
1.4795e-05,0.70811
1.48e-05,0.64113
1.4805e-05,0.52629
1.481e-05,0.3788
1.4815e-05,0.22582
1.482e-05,0.097272
1.4825e-05,0.015595
1.483e-05,-0.0097489
1.4835e-05,0.018343
1.484e-05,0.088003
1.4845e-05,0.17888
1.485e-05,0.26269
1.4855e-05,0.30679
1.486e-05,0.28557
1.4865e-05,0.19237
1.487e-05,0.04474
1.4875e-05,-0.12235
1.488e-05,-0.27051
1.4885e-05,-0.36756
1.489e-05,-0.38908
1.4895e-05,-0.31598
1.49e-05,-0.13928
1.4905e-05,0.12426
1.491e-05,0.41689
1.4915e-05,0.64465
1.492e-05,0.71029
1.4925e-05,0.56293
1.493e-05,0.23429
1.4935e-05,-0.16759
1.494e-05,-0.50887
1.4945e-05,-0.69747
1.495e-05,-0.72558
1.4955e-05,-0.66119
1.496e-05,-0.59376
1.4965e-05,-0.57224
1.497e-05,-0.57441
1.4975e-05,-0.52899
1.498e-05,-0.37208
1.4985e-05,-0.10068
1.499e-05,0.21292
1.4995e-05,0.45529
1.5e-05,0.53496
1.5005e-05,0.43446
1.501e-05,0.22004
1.5015e-05,0.003786
1.502e-05,-0.11803
1.5025e-05,-0.11338
1.503e-05,-0.022635
1.5035e-05,0.075387
1.504e-05,0.11311
1.5045e-05,0.068483
1.505e-05,-0.036025
1.5055e-05,-0.16051
1.506e-05,-0.27681
1.5065e-05,-0.37654
1.507e-05,-0.4565
1.5075e-05,-0.49861
1.508e-05,-0.46904
1.5085e-05,-0.34077
1.509e-05,-0.12443
1.5095e-05,0.12057
1.51e-05,0.30953
1.5105e-05,0.37786
1.511e-05,0.31785
1.5115e-05,0.1811
1.512e-05,0.043503
1.5125e-05,-0.041091
1.513e-05,-0.067456
1.5135e-05,-0.068427
1.514e-05,-0.080649
1.5145e-05,-0.11321
1.515e-05,-0.14326
1.5155e-05,-0.138
1.516e-05,-0.082043
1.5165e-05,0.011085
1.517e-05,0.11118
1.5175e-05,0.19404
1.518e-05,0.25366
1.5185e-05,0.29435
1.519e-05,0.30989
1.5195e-05,0.27303
1.52e-05,0.14856
1.5205e-05,-0.073929
1.521e-05,-0.35319
1.5215e-05,-0.59895
1.522e-05,-0.71103
1.5225e-05,-0.63516
1.523e-05,-0.39944
1.5235e-05,-0.10411
1.524e-05,0.1319
1.5245e-05,0.23791
1.525e-05,0.22815
1.5255e-05,0.18563
1.526e-05,0.20239
1.5265e-05,0.31551
1.527e-05,0.47831
1.5275e-05,0.58666
1.528e-05,0.54161
1.5285e-05,0.30993
1.529e-05,-0.053423
1.5295e-05,-0.43197
1.53e-05,-0.70719
1.5305e-05,-0.81608
1.531e-05,-0.777
1.5315e-05,-0.67129
1.532e-05,-0.59273
1.5325e-05,-0.59063
1.533e-05,-0.6386
1.5335e-05,-0.64814
1.534e-05,-0.52532
1.5345e-05,-0.2395
1.535e-05,0.13772
1.5355e-05,0.45644
1.536e-05,0.57052
1.5365e-05,0.43155
1.537e-05,0.13138
1.5375e-05,-0.14202
1.538e-05,-0.21543
1.5385e-05,-0.038951
1.539e-05,0.27958
1.5395e-05,0.54099
1.54e-05,0.57741
1.5405e-05,0.34975
1.541e-05,-0.042798
1.5415e-05,-0.43864
1.542e-05,-0.71311
1.5425e-05,-0.83135
1.543e-05,-0.82964
1.5435e-05,-0.7548
1.544e-05,-0.62303
1.5445e-05,-0.4299
1.545e-05,-0.19356
1.5455e-05,0.01884
1.546e-05,0.11706
1.5465e-05,0.052315
1.547e-05,-0.13218
1.5475e-05,-0.3108
1.548e-05,-0.34593
1.5485e-05,-0.1741
1.549e-05,0.15349
1.5495e-05,0.50247
1.55e-05,0.73657
1.5505e-05,0.79386
1.551e-05,0.71218
1.5515e-05,0.5926
1.552e-05,0.53148
1.5525e-05,0.5626
1.553e-05,0.64079
1.5535e-05,0.67165
1.554e-05,0.57032
1.5545e-05,0.3178
1.555e-05,-0.016135
1.5555e-05,-0.29769
1.556e-05,-0.39598
1.5565e-05,-0.2579
1.557e-05,0.052402
1.5575e-05,0.38103
1.558e-05,0.56804
1.5585e-05,0.5399
1.559e-05,0.35018
1.5595e-05,0.14102
1.56e-05,0.048637
1.5605e-05,0.11868
1.561e-05,0.28671
1.5615e-05,0.43294
1.562e-05,0.46365
1.5625e-05,0.36081
1.563e-05,0.16937
1.5635e-05,-0.052997
1.564e-05,-0.27492
1.5645e-05,-0.4862
1.565e-05,-0.66376
1.5655e-05,-0.75017
1.566e-05,-0.67758
1.5665e-05,-0.42373
1.567e-05,-0.053143
1.5675e-05,0.29955
1.568e-05,0.49983
1.5685e-05,0.4898
1.569e-05,0.31407
1.5695e-05,0.079459
1.57e-05,-0.11724
1.5705e-05,-0.23688
1.571e-05,-0.2918
1.5715e-05,-0.30221
1.572e-05,-0.26393
1.5725e-05,-0.15999
1.573e-05,-0.0029984
1.5735e-05,0.13825
1.574e-05,0.16366
1.5745e-05,0.010784
1.575e-05,-0.28434
1.5755e-05,-0.58923
1.576e-05,-0.74738
1.5765e-05,-0.67485
1.577e-05,-0.41218
1.5775e-05,-0.094783
1.578e-05,0.13648
1.5785e-05,0.21726
1.579e-05,0.18022
1.5795e-05,0.10703
1.58e-05,0.059753
1.5805e-05,0.047165
1.581e-05,0.045392
1.5815e-05,0.045266
1.582e-05,0.074605
1.5825e-05,0.17245
1.583e-05,0.33746
1.5835e-05,0.50229
1.584e-05,0.56641
1.5845e-05,0.47073
1.585e-05,0.25509
1.5855e-05,0.049057
1.586e-05,-0.007622
1.5865e-05,0.13939
1.587e-05,0.41626
1.5875e-05,0.66421
1.588e-05,0.73934
1.5885e-05,0.59864
1.589e-05,0.3166
1.5895e-05,0.027475
1.59e-05,-0.15677
1.5905e-05,-0.19552
1.591e-05,-0.11192
1.5915e-05,0.049131
1.592e-05,0.25247
1.5925e-05,0.46965
1.593e-05,0.65746
1.5935e-05,0.75126
1.594e-05,0.69361
1.5945e-05,0.48128
1.595e-05,0.18857
1.5955e-05,-0.059151
1.596e-05,-0.15095
1.5965e-05,-0.050063
1.597e-05,0.19212
1.5975e-05,0.4752
1.598e-05,0.70822
1.5985e-05,0.84428
1.599e-05,0.87511
1.5995e-05,0.80398
1.6e-05,0.63096
1.6005e-05,0.36744
1.601e-05,0.060825
1.6015e-05,-0.20131
1.602e-05,-0.32491
1.6025e-05,-0.26207
1.603e-05,-0.042091
1.6035e-05,0.24351
1.604e-05,0.49413
1.6045e-05,0.6512
1.605e-05,0.71113
1.6055e-05,0.69911
1.606e-05,0.6324
1.6065e-05,0.50828
1.607e-05,0.32329
1.6075e-05,0.10247
1.608e-05,-0.09581
1.6085e-05,-0.20909
1.609e-05,-0.21276
1.6095e-05,-0.13828
1.61e-05,-0.051051
1.6105e-05,-0.0034302
1.611e-05,0.0015253
1.6115e-05,0.0065134
1.612e-05,0.063549
1.6125e-05,0.19237
1.613e-05,0.36671
1.6135e-05,0.53247
1.614e-05,0.64296
1.6145e-05,0.6828
1.615e-05,0.66953
1.6155e-05,0.6364
1.616e-05,0.61373
1.6165e-05,0.61754
1.617e-05,0.64492
1.6175e-05,0.67589
1.618e-05,0.68034
1.6185e-05,0.63424
1.619e-05,0.54081
1.6195e-05,0.44068
1.62e-05,0.39616
1.6205e-05,0.45039
1.621e-05,0.5859
1.6215e-05,0.71881
1.622e-05,0.74278
1.6225e-05,0.6022
1.623e-05,0.34364
1.6235e-05,0.10151
1.624e-05,0.01946
1.6245e-05,0.15406
1.625e-05,0.4292
1.6255e-05,0.6735
1.626e-05,0.72194
1.6265e-05,0.514
1.627e-05,0.12652
1.6275e-05,-0.27691
1.628e-05,-0.5423
1.6285e-05,-0.60441
1.629e-05,-0.50283
1.6295e-05,-0.33734
1.63e-05,-0.19903
1.6305e-05,-0.12384
1.631e-05,-0.089719
1.6315e-05,-0.048181
1.632e-05,0.03622
1.6325e-05,0.16421
1.633e-05,0.30501
1.6335e-05,0.41702
1.634e-05,0.46991
1.6345e-05,0.45737
1.635e-05,0.39716
1.6355e-05,0.31979
1.636e-05,0.2523
1.6365e-05,0.20654
1.637e-05,0.17771
1.6375e-05,0.15286
1.638e-05,0.12366
1.6385e-05,0.093104
1.639e-05,0.072663
1.6395e-05,0.073243
1.64e-05,0.098222
1.6405e-05,0.14528
1.641e-05,0.21364
1.6415e-05,0.30727
1.642e-05,0.42784
1.6425e-05,0.56167
1.643e-05,0.6748
1.6435e-05,0.72468
1.644e-05,0.6844
1.6445e-05,0.56375
1.645e-05,0.40916
1.6455e-05,0.28141
1.646e-05,0.22588
1.6465e-05,0.25567
1.647e-05,0.3555
1.6475e-05,0.49808
1.648e-05,0.6561
1.6485e-05,0.79897
1.649e-05,0.88446
1.6495e-05,0.8618
1.65e-05,0.69452
1.6505e-05,0.39125
1.651e-05,0.019334
1.6515e-05,-0.31688
1.652e-05,-0.52359
1.6525e-05,-0.56091
1.653e-05,-0.45323
1.6535e-05,-0.26295
1.654e-05,-0.051374
1.6545e-05,0.14164
1.655e-05,0.28856
1.6555e-05,0.35493
1.656e-05,0.2997
1.6565e-05,0.10563
1.657e-05,-0.1821
1.6575e-05,-0.45114
1.658e-05,-0.5695
1.6585e-05,-0.46387
1.659e-05,-0.175
1.6595e-05,0.15803
1.66e-05,0.38068
1.6605e-05,0.41912
1.661e-05,0.32208
1.6615e-05,0.2179
1.662e-05,0.21944
1.6625e-05,0.34787
1.663e-05,0.5285
1.6635e-05,0.65668
1.664e-05,0.6761
1.6645e-05,0.60747
1.665e-05,0.5101
1.6655e-05,0.41748
1.666e-05,0.30743
1.6665e-05,0.1361
1.667e-05,-0.094223
1.6675e-05,-0.30091
1.668e-05,-0.36227
1.6685e-05,-0.2121
1.669e-05,0.085134
1.6695e-05,0.34976
1.67e-05,0.39386
1.6705e-05,0.15069
1.671e-05,-0.26812
1.6715e-05,-0.63464
1.672e-05,-0.74453
1.6725e-05,-0.538
1.673e-05,-0.11888
1.6735e-05,0.3305
1.674e-05,0.66673
1.6745e-05,0.84722
1.675e-05,0.90094
1.6755e-05,0.85481
1.676e-05,0.69134
1.6765e-05,0.38243
1.677e-05,-0.0351
1.6775e-05,-0.42046
1.678e-05,-0.58302
1.6785e-05,-0.4066
1.679e-05,0.046937
1.6795e-05,0.54515
1.68e-05,0.81358
1.6805e-05,0.70607
1.681e-05,0.29722
1.6815e-05,-0.16611
1.682e-05,-0.42174
1.6825e-05,-0.34683
1.683e-05,-0.0095313
1.6835e-05,0.40264
1.684e-05,0.71303
1.6845e-05,0.84795
1.685e-05,0.83939
1.6855e-05,0.76026
1.686e-05,0.65734
1.6865e-05,0.53386
1.687e-05,0.37897
1.6875e-05,0.20373
1.688e-05,0.044083
1.6885e-05,-0.067949
1.689e-05,-0.13267
1.6895e-05,-0.18172
1.69e-05,-0.24906
1.6905e-05,-0.34328
1.691e-05,-0.44738
1.6915e-05,-0.54191
1.692e-05,-0.62344
1.6925e-05,-0.69535
1.693e-05,-0.74013
1.6935e-05,-0.70604
1.694e-05,-0.53464
1.6945e-05,-0.21695
1.695e-05,0.16789
1.6955e-05,0.47413
1.696e-05,0.56762
1.6965e-05,0.41115
1.697e-05,0.093593
1.6975e-05,-0.22074
1.698e-05,-0.3894
1.6985e-05,-0.36656
1.699e-05,-0.20834
1.6995e-05,-0.014512
1.7e-05,0.13978
1.7005e-05,0.23214
1.701e-05,0.27015
1.7015e-05,0.25235
1.702e-05,0.15499
1.7025e-05,-0.040314
1.703e-05,-0.30798
1.7035e-05,-0.56778
1.704e-05,-0.72233
1.7045e-05,-0.71713
1.705e-05,-0.57729
1.7055e-05,-0.39209
1.706e-05,-0.2584
1.7065e-05,-0.22544
1.707e-05,-0.27792
1.7075e-05,-0.36389
1.708e-05,-0.43894
1.7085e-05,-0.48917
1.709e-05,-0.5196
1.7095e-05,-0.52724
1.71e-05,-0.48934
1.7105e-05,-0.38406
1.711e-05,-0.22553
1.7115e-05,-0.080638
1.712e-05,-0.041341
1.7125e-05,-0.1629
1.713e-05,-0.41112
1.7135e-05,-0.6608
1.714e-05,-0.75962
1.7145e-05,-0.62238
1.715e-05,-0.29595
1.7155e-05,0.055801
1.716e-05,0.24365
1.7165e-05,0.16827
1.717e-05,-0.11541
1.7175e-05,-0.43008
1.718e-05,-0.58716
1.7185e-05,-0.50515
1.719e-05,-0.25937
1.7195e-05,-0.028791
1.72e-05,0.022459
1.7205e-05,-0.14984
1.721e-05,-0.44493
1.7215e-05,-0.68382
1.722e-05,-0.71776
1.7225e-05,-0.50606
1.723e-05,-0.12179
1.7235e-05,0.30618
1.724e-05,0.66345
1.7245e-05,0.8879
1.725e-05,0.96287
1.7255e-05,0.89099
1.726e-05,0.67912
1.7265e-05,0.34798
1.727e-05,-0.049177
1.7275e-05,-0.42486
1.728e-05,-0.68413
1.7285e-05,-0.76595
1.729e-05,-0.67323
1.7295e-05,-0.46985
1.73e-05,-0.24811
1.7305e-05,-0.083939
1.731e-05,-0.0050807
1.7315e-05,0.013838
1.732e-05,0.026358
1.7325e-05,0.074767
1.733e-05,0.15623
1.7335e-05,0.21744
1.734e-05,0.18712
1.7345e-05,0.032016
1.735e-05,-0.19932
1.7355e-05,-0.38191
1.736e-05,-0.37971
1.7365e-05,-0.13771
1.737e-05,0.26049
1.7375e-05,0.62109
1.738e-05,0.74786
1.7385e-05,0.56502
1.739e-05,0.17194
1.7395e-05,-0.21369
1.74e-05,-0.38761
1.7405e-05,-0.27807
1.741e-05,0.02527
1.7415e-05,0.34513
1.742e-05,0.53077
1.7425e-05,0.53079
1.743e-05,0.38499
1.7435e-05,0.16248
1.744e-05,-0.090855
1.7445e-05,-0.35367
1.745e-05,-0.59259
1.7455e-05,-0.73784
1.746e-05,-0.70888
1.7465e-05,-0.47506
1.747e-05,-0.099715
1.7475e-05,0.27629
1.748e-05,0.506
1.7485e-05,0.51375
1.749e-05,0.32346
1.7495e-05,0.025955
1.75e-05,-0.28089
1.7505e-05,-0.53208
1.751e-05,-0.69437
1.7515e-05,-0.74322
1.752e-05,-0.6531
1.7525e-05,-0.41517
1.753e-05,-0.063271
1.7535e-05,0.32157
1.754e-05,0.64223
1.7545e-05,0.83038
1.755e-05,0.8717
1.7555e-05,0.79676
1.756e-05,0.65016
1.7565e-05,0.46939
1.757e-05,0.28638
1.7575e-05,0.14108
1.758e-05,0.079265
1.7585e-05,0.12774
1.759e-05,0.2644
1.7595e-05,0.41508
1.76e-05,0.48959
1.7605e-05,0.43475
1.761e-05,0.26452
1.7615e-05,0.046781
1.762e-05,-0.14319
1.7625e-05,-0.26349
1.763e-05,-0.31251
1.7635e-05,-0.30618
1.764e-05,-0.25358
1.7645e-05,-0.15626
1.765e-05,-0.028893
1.7655e-05,0.087303
1.766e-05,0.1386
1.7665e-05,0.095891
1.767e-05,-0.016057
1.7675e-05,-0.12594
1.768e-05,-0.1597
1.7685e-05,-0.087946
1.769e-05,0.058909
1.7695e-05,0.2162
1.77e-05,0.3282
1.7705e-05,0.37529
1.771e-05,0.36822
1.7715e-05,0.3246
1.772e-05,0.25306
1.7725e-05,0.15698
1.773e-05,0.049104
1.7735e-05,-0.046076
1.774e-05,-0.10556
1.7745e-05,-0.12464
1.775e-05,-0.11795
1.7755e-05,-0.10166
1.776e-05,-0.074552
1.7765e-05,-0.021793
1.777e-05,0.059414
1.7775e-05,0.13716
1.778e-05,0.15436
1.7785e-05,0.073679
1.779e-05,-0.076397
1.7795e-05,-0.19941
1.78e-05,-0.18637
1.7805e-05,0.0050335
1.781e-05,0.30802
1.7815e-05,0.57869
1.782e-05,0.68282
1.7825e-05,0.57468
1.783e-05,0.31108
1.7835e-05,-0.0027538
1.784e-05,-0.2855
1.7845e-05,-0.51066
1.785e-05,-0.67765
1.7855e-05,-0.76506
1.786e-05,-0.72051
1.7865e-05,-0.50918
1.787e-05,-0.17875
1.7875e-05,0.12619
1.788e-05,0.23439
1.7885e-05,0.063889
1.789e-05,-0.30408
1.7895e-05,-0.65719
1.79e-05,-0.77733
1.7905e-05,-0.57428
1.791e-05,-0.13315
1.7915e-05,0.35242
1.792e-05,0.70602
1.7925e-05,0.8574
1.793e-05,0.83898
1.7935e-05,0.71394
1.794e-05,0.51279
1.7945e-05,0.23693
1.795e-05,-0.08349
1.7955e-05,-0.34633
1.796e-05,-0.40956
1.7965e-05,-0.19264
1.797e-05,0.23234
1.7975e-05,0.64551
1.798e-05,0.79901
1.7985e-05,0.57753
1.799e-05,0.085968
1.7995e-05,-0.40682
1.8e-05,-0.63287
1.8005e-05,-0.48845
1.801e-05,-0.084968
1.8015e-05,0.33788
1.802e-05,0.56837
1.8025e-05,0.53795
1.803e-05,0.32745
1.8035e-05,0.079141
1.804e-05,-0.10509
1.8045e-05,-0.20772
1.805e-05,-0.26386
1.8055e-05,-0.29846
1.806e-05,-0.29354
1.8065e-05,-0.20999
1.807e-05,-0.039102
1.8075e-05,0.16734
1.808e-05,0.31796
1.8085e-05,0.34225
1.809e-05,0.24467
1.8095e-05,0.10934
1.81e-05,0.049957
1.8105e-05,0.13654
1.811e-05,0.3471
1.8115e-05,0.57763
1.812e-05,0.70492
1.8125e-05,0.66266
1.813e-05,0.48444
1.8135e-05,0.28499
1.814e-05,0.18993
1.8145e-05,0.25591
1.815e-05,0.43089
1.8155e-05,0.58174
1.816e-05,0.5755
1.8165e-05,0.36582
1.817e-05,0.030412
1.8175e-05,-0.26758
1.818e-05,-0.37263
1.8185e-05,-0.22911
1.819e-05,0.083892
1.8195e-05,0.3969
1.82e-05,0.54464
1.8205e-05,0.45434
1.821e-05,0.17815
1.8215e-05,-0.14649
1.822e-05,-0.37805
1.8225e-05,-0.44507
1.823e-05,-0.37269
1.8235e-05,-0.25229
1.824e-05,-0.17829
1.8245e-05,-0.19014
1.825e-05,-0.25119
1.8255e-05,-0.27498
1.826e-05,-0.18176
1.8265e-05,0.047261
1.827e-05,0.35018
1.8275e-05,0.611
1.828e-05,0.72
1.8285e-05,0.6326
1.829e-05,0.39091
1.8295e-05,0.098314
1.83e-05,-0.1375
1.8305e-05,-0.25582
1.831e-05,-0.25896
1.8315e-05,-0.19115
1.832e-05,-0.10104
1.8325e-05,-0.01722
1.833e-05,0.052807
1.8335e-05,0.1077
1.834e-05,0.14356
1.8345e-05,0.15874
1.835e-05,0.16388
1.8355e-05,0.18291
1.836e-05,0.23785
1.8365e-05,0.33156
1.837e-05,0.44313
1.8375e-05,0.54402
1.838e-05,0.61723
1.8385e-05,0.662
1.839e-05,0.67822
1.8395e-05,0.64892
1.84e-05,0.54416
1.8405e-05,0.35116
1.841e-05,0.10744
1.8415e-05,-0.099054
1.842e-05,-0.17598
1.8425e-05,-0.090728
1.843e-05,0.09651
1.8435e-05,0.26258
1.844e-05,0.29756
1.8445e-05,0.17272
1.845e-05,-0.05113
1.8455e-05,-0.27634
1.846e-05,-0.43587
1.8465e-05,-0.51981
1.847e-05,-0.54394
1.8475e-05,-0.4993
1.848e-05,-0.3402
1.8485e-05,-0.034032
1.849e-05,0.36802
1.8495e-05,0.70892
1.85e-05,0.79559
1.8505e-05,0.52695
1.851e-05,-0.0097068
1.8515e-05,-0.55717
1.852e-05,-0.82737
1.8525e-05,-0.67646
1.853e-05,-0.19929
1.8535e-05,0.32475
1.854e-05,0.60095
1.8545e-05,0.4937
1.855e-05,0.095854
1.8555e-05,-0.34549
1.856e-05,-0.58872
1.8565e-05,-0.53583
1.857e-05,-0.26718
1.8575e-05,0.035556
1.858e-05,0.21419
1.8585e-05,0.22217
1.859e-05,0.1271
1.8595e-05,0.041559
1.86e-05,0.03863
1.8605e-05,0.10947
1.861e-05,0.18404
1.8615e-05,0.18906
1.862e-05,0.098359
1.8625e-05,-0.057629
1.863e-05,-0.22256
1.8635e-05,-0.35434
1.864e-05,-0.44366
1.8645e-05,-0.49903
1.865e-05,-0.51588
1.8655e-05,-0.46313
1.866e-05,-0.30252
1.8665e-05,-0.029291
1.867e-05,0.29979
1.8675e-05,0.57818
1.868e-05,0.70119
1.8685e-05,0.62467
1.869e-05,0.38981
1.8695e-05,0.099541
1.87e-05,-0.13707
1.8705e-05,-0.25307
1.871e-05,-0.23745
1.8715e-05,-0.11561
1.872e-05,0.078361
1.8725e-05,0.31077
1.873e-05,0.53768
1.8735e-05,0.69604
1.874e-05,0.71731
1.8745e-05,0.56502
1.875e-05,0.2678
1.8755e-05,-0.080731
1.876e-05,-0.36571
1.8765e-05,-0.51234
1.877e-05,-0.52282
1.8775e-05,-0.46544
1.878e-05,-0.42304
1.8785e-05,-0.43844
1.879e-05,-0.49248
1.8795e-05,-0.52561
1.88e-05,-0.48493
1.8805e-05,-0.36211
1.881e-05,-0.20091
1.8815e-05,-0.07308
1.882e-05,-0.039339
1.8825e-05,-0.11815
1.883e-05,-0.2748
1.8835e-05,-0.43545
1.884e-05,-0.5205
1.8845e-05,-0.48382
1.885e-05,-0.33804
1.8855e-05,-0.1516
1.886e-05,-0.011785
1.8865e-05,0.028314
1.887e-05,-0.011961
1.8875e-05,-0.048138
1.888e-05,0.015626
1.8885e-05,0.21659
1.889e-05,0.4939
1.8895e-05,0.71198
1.89e-05,0.73643
1.8905e-05,0.51719
1.891e-05,0.125
1.8915e-05,-0.28249
1.892e-05,-0.54506
1.8925e-05,-0.58244
1.893e-05,-0.42859
1.8935e-05,-0.20013
1.894e-05,-0.025404
1.8945e-05,0.024355
1.895e-05,-0.037591
1.8955e-05,-0.13525
1.896e-05,-0.18475
1.8965e-05,-0.14795
1.897e-05,-0.055305
1.8975e-05,0.014327
1.898e-05,-0.016316
1.8985e-05,-0.17203
1.899e-05,-0.4031
1.8995e-05,-0.60914
1.9e-05,-0.69434
1.9005e-05,-0.62159
1.901e-05,-0.4322
1.9015e-05,-0.21833
1.902e-05,-0.069318
1.9025e-05,-0.027054
1.903e-05,-0.076503
1.9035e-05,-0.17114
1.904e-05,-0.26613
1.9045e-05,-0.33339
1.905e-05,-0.35286
1.9055e-05,-0.29942
1.906e-05,-0.14766
1.9065e-05,0.10121
1.907e-05,0.39435
1.9075e-05,0.63208
1.908e-05,0.71209
1.9085e-05,0.58856
1.909e-05,0.3034
1.9095e-05,-0.033647
1.91e-05,-0.30684
1.9105e-05,-0.45502
1.911e-05,-0.49029
1.9115e-05,-0.46774
1.912e-05,-0.43331
1.9125e-05,-0.39106
1.913e-05,-0.30991
1.9135e-05,-0.16
1.914e-05,0.054779
1.9145e-05,0.29228
1.915e-05,0.49573
1.9155e-05,0.62361
1.916e-05,0.66308
1.9165e-05,0.6219
1.917e-05,0.51128
1.9175e-05,0.33793
1.918e-05,0.11045
1.9185e-05,-0.14792
1.919e-05,-0.39457
1.9195e-05,-0.57692
1.92e-05,-0.65209
1.9205e-05,-0.60287
1.921e-05,-0.44141
1.9215e-05,-0.20121
1.922e-05,0.074093
1.9225e-05,0.33901
1.923e-05,0.54947
1.9235e-05,0.66553
1.924e-05,0.65824
1.9245e-05,0.5206
1.925e-05,0.27706
1.9255e-05,-0.016998
1.926e-05,-0.29129
1.9265e-05,-0.48791
1.927e-05,-0.58663
1.9275e-05,-0.61251
1.928e-05,-0.61594
1.9285e-05,-0.63479
1.929e-05,-0.66303
1.9295e-05,-0.65009
1.93e-05,-0.53756
1.9305e-05,-0.3117
1.931e-05,-0.034929
1.9315e-05,0.17568
1.932e-05,0.21405
1.9325e-05,0.055384
1.933e-05,-0.21754
1.9335e-05,-0.45705
1.934e-05,-0.53443
1.9345e-05,-0.41149
1.935e-05,-0.15372
1.9355e-05,0.12006
1.936e-05,0.31008
1.9365e-05,0.37939
1.937e-05,0.34728
1.9375e-05,0.24852
1.938e-05,0.10216
1.9385e-05,-0.085725
1.939e-05,-0.29379
1.9395e-05,-0.46744
1.94e-05,-0.53699
1.9405e-05,-0.46466
1.941e-05,-0.28348
1.9415e-05,-0.093033
1.942e-05,-0.0075445
1.9425e-05,-0.088511
1.943e-05,-0.30513
1.9435e-05,-0.54958
1.944e-05,-0.69559
1.9445e-05,-0.66406
1.945e-05,-0.45793
1.9455e-05,-0.15287
1.946e-05,0.14757
1.9465e-05,0.36449
1.947e-05,0.47801
1.9475e-05,0.52702
1.948e-05,0.57576
1.9485e-05,0.66465
1.949e-05,0.77297
1.9495e-05,0.82239
1.95e-05,0.72475
1.9505e-05,0.45094
1.951e-05,0.074299
1.9515e-05,-0.24975
1.952e-05,-0.36613
1.9525e-05,-0.21689
1.953e-05,0.1116
1.9535e-05,0.43003
1.954e-05,0.55281
1.9545e-05,0.40217
1.955e-05,0.042147
1.9555e-05,-0.37306
1.956e-05,-0.69468
1.9565e-05,-0.84961
1.957e-05,-0.84372
1.9575e-05,-0.71629
1.958e-05,-0.49557
1.9585e-05,-0.19779
1.959e-05,0.13831
1.9595e-05,0.42351
1.96e-05,0.54007
1.9605e-05,0.40927
1.961e-05,0.056093
1.9615e-05,-0.38531
1.962e-05,-0.73911
1.9625e-05,-0.88739
1.963e-05,-0.83342
1.9635e-05,-0.68457
1.964e-05,-0.56956
1.9645e-05,-0.5512
1.965e-05,-0.59335
1.9655e-05,-0.60138
1.966e-05,-0.49817
1.9665e-05,-0.27999
1.967e-05,-0.015807
1.9675e-05,0.20096
1.968e-05,0.30898
1.9685e-05,0.30513
1.969e-05,0.23095
1.9695e-05,0.13902
1.97e-05,0.067255
1.9705e-05,0.034458
1.971e-05,0.050088
1.9715e-05,0.12097
1.972e-05,0.24549
1.9725e-05,0.40296
1.973e-05,0.55302
1.9735e-05,0.64869
1.974e-05,0.65712
1.9745e-05,0.5717
1.975e-05,0.40678
1.9755e-05,0.18359
1.976e-05,-0.077597
1.9765e-05,-0.3503
1.977e-05,-0.58723
1.9775e-05,-0.71942
1.978e-05,-0.68217
1.9785e-05,-0.46003
1.979e-05,-0.11859
1.9795e-05,0.20635
1.98e-05,0.3701
1.9805e-05,0.30017
1.981e-05,0.045375
1.9815e-05,-0.2452
1.982e-05,-0.4069
1.9825e-05,-0.35952
1.983e-05,-0.15802
1.9835e-05,0.042063
1.984e-05,0.085291
1.9845e-05,-0.08086
1.985e-05,-0.36789
1.9855e-05,-0.59856
1.986e-05,-0.6157
1.9865e-05,-0.37934
1.987e-05,0.009138
1.9875e-05,0.36618
1.988e-05,0.52911
1.9885e-05,0.43845
1.989e-05,0.15409
1.9895e-05,-0.19398
1.99e-05,-0.4831
1.9905e-05,-0.65225
1.991e-05,-0.70868
1.9915e-05,-0.69414
1.992e-05,-0.64285
1.9925e-05,-0.5619
1.993e-05,-0.44088
1.9935e-05,-0.27749
1.994e-05,-0.093833
1.9945e-05,0.067697
1.995e-05,0.16603
1.9955e-05,0.18199
1.996e-05,0.12462
1.9965e-05,0.021047
1.997e-05,-0.099398
1.9975e-05,-0.215
1.998e-05,-0.31186
1.9985e-05,-0.37792
1.999e-05,-0.39989
1.9995e-05,-0.36736
